source_excel_row,source_serial_no,gasoline_pct,ethanol_pct,pentanol_pct,propanol_pct,butanol_pct,n_methylaniline_pct,torque_nm,speed_rpm,compression_ratio,cv_mj_kg,air_fuel_ratio,viscosity_m2_s,ron,oxygen_pct,bte_pct,bsfc_g_kwh,co_vol_pct,hc_ppm,composition_sum_original_pct,composition_sum_pct,blend_group
2,1.0,100.0,0.0,0.0,0.0,0.0,0.0,2.15,1700.0,4.67,43.5,13.76,6e-07,96.0,0.0,4.236124794745485,1953.63981704008,2.312,840.0,100.0,100.0,100.0|0.0|0.0|0.0|0.0|0.0
3,2.0,100.0,0.0,0.0,0.0,0.0,0.0,4.05,2100.0,4.67,43.5,14.09,6e-07,96.0,0.0,7.17273133217564,1153.795072713992,2.526,630.0,100.0,100.0,100.0|0.0|0.0|0.0|0.0|0.0
4,3.0,100.0,0.0,0.0,0.0,0.0,0.0,5.79,2500.0,4.67,43.5,15.1,6e-07,96.0,0.0,9.926925089179548,833.6783036658848,2.715,554.0,100.0,100.0,100.0|0.0|0.0|0.0|0.0|0.0
5,4.0,100.0,0.0,0.0,0.0,0.0,0.0,6.75,2900.0,4.67,43.5,15.73,6e-07,96.0,0.0,11.153793103448276,742.2680412371134,2.953,416.0,100.0,100.0,100.0|0.0|0.0|0.0|0.0|0.0
6,5.0,100.0,0.0,0.0,0.0,0.0,0.0,7.97,3300.0,4.67,43.5,16.39,6e-07,96.0,0.0,12.149404388714734,681.1743032154523,3.484,390.0,100.0,100.0,100.0|0.0|0.0|0.0|0.0|0.0
7,6.0,100.0,0.0,0.0,0.0,0.0,0.0,1.94,1700.0,5.5,43.5,14.16,6e-07,96.0,0.0,4.291260188087774,1928.538868824292,2.184,830.0,100.0,100.0,100.0|0.0|0.0|0.0|0.0|0.0
8,7.0,100.0,0.0,0.0,0.0,0.0,0.0,4.1,2100.0,5.5,43.5,14.01,6e-07,96.0,0.0,7.697492163009405,1075.137446548564,2.398,620.0,100.0,100.0,100.0|0.0|0.0|0.0|0.0|0.0
9,8.0,100.0,0.0,0.0,0.0,0.0,0.0,6.1,2500.0,5.5,43.5,14.79,6e-07,96.0,0.0,10.442988505747126,792.4802430272745,2.587,550.0,100.0,100.0,100.0|0.0|0.0|0.0|0.0|0.0
10,9.0,100.0,0.0,0.0,0.0,0.0,0.0,6.94,2900.0,5.5,43.5,14.73,6e-07,96.0,0.0,11.03262599469496,750.0,2.825,405.0,100.0,100.0,100.0|0.0|0.0|0.0|0.0|0.0
11,10.0,100.0,0.0,0.0,0.0,0.0,0.0,7.95,3300.0,5.5,43.5,16.65,6e-07,96.0,0.0,13.104952978056424,631.5064298836498,3.356,380.0,100.0,100.0,100.0|0.0|0.0|0.0|0.0|0.0
12,11.0,100.0,0.0,0.0,0.0,0.0,0.0,2.03,1700.0,6.5,43.5,14.64,6e-07,96.0,0.0,4.309583828775267,1920.339039168295,2.2368,805.0,100.0,100.0,100.0|0.0|0.0|0.0|0.0|0.0
13,12.0,100.0,0.0,0.0,0.0,0.0,0.0,4.0,2100.0,6.5,43.5,13.25,6e-07,96.0,0.0,7.446771159874608,1111.335623358254,2.4508,590.0,100.0,100.0,100.0|0.0|0.0|0.0|0.0|0.0
14,13.0,100.0,0.0,0.0,0.0,0.0,0.0,5.99,2500.0,6.5,43.5,14.56,6e-07,96.0,0.0,10.451818407343092,791.8107401436652,2.6398,540.0,100.0,100.0,100.0|0.0|0.0|0.0|0.0|0.0
15,14.0,100.0,0.0,0.0,0.0,0.0,0.0,6.97,2900.0,6.5,43.5,14.65,6e-07,96.0,0.0,11.434979310344827,724.6376811594204,2.8778,500.0,100.0,100.0,100.0|0.0|0.0|0.0|0.0|0.0
16,15.0,100.0,0.0,0.0,0.0,0.0,0.0,7.95,3300.0,6.5,43.5,15.92,6e-07,96.0,0.0,12.849535232383811,644.0592534513173,3.4088,345.0,100.0,100.0,100.0|0.0|0.0|0.0|0.0|0.0
17,16.0,100.0,0.0,0.0,0.0,0.0,0.0,2.0,1700.0,7.5,43.5,13.61,6e-07,96.0,0.0,4.04951724137931,2043.666337409313,2.28,759.46344,100.0,100.0,100.0|0.0|0.0|0.0|0.0|0.0
18,17.0,100.0,0.0,0.0,0.0,0.0,0.0,4.09,2100.0,7.5,43.5,13.61,6e-07,96.0,0.0,7.48,1106.398672321593,2.494,568.0,100.0,100.0,100.0|0.0|0.0|0.0|0.0|0.0
19,18.0,100.0,0.0,0.0,0.0,0.0,0.0,6.05,2500.0,7.5,43.5,14.7,6e-07,96.0,0.0,10.86842578710645,761.4591322676581,2.683,490.0,100.0,100.0,100.0|0.0|0.0|0.0|0.0|0.0
20,19.0,100.0,0.0,0.0,0.0,0.0,0.0,7.03,2900.0,7.5,43.5,14.79,6e-07,96.0,0.0,11.912471264367817,695.6521739130435,2.921,476.0,100.0,100.0,100.0|0.0|0.0|0.0|0.0|0.0
21,20.0,100.0,0.0,0.0,0.0,0.0,0.0,7.93,3300.0,7.5,43.5,14.52,6e-07,96.0,0.0,12.152891246684352,680.9788634637379,3.452,355.0,100.0,100.0,100.0|0.0|0.0|0.0|0.0|0.0
22,21.0,95.0,5.0,0.0,0.0,0.0,0.0,2.02,1700.0,4.67,42.768,15.26,6.46e-07,96.55,1.735,4.656830652201022,1800.0,2.0488,820.0,100.0,100.0,95.0|5.0|0.0|0.0|0.0|0.0
23,22.0,95.0,5.0,0.0,0.0,0.0,0.0,4.02,2100.0,4.67,42.768,15.97,6.46e-07,96.55,1.735,8.376262626262625,1008.403361344538,2.2628,625.0,100.0,100.0,95.0|5.0|0.0|0.0|0.0|0.0
24,23.0,95.0,5.0,0.0,0.0,0.0,0.0,6.01,2500.0,4.67,42.768,16.17,6.46e-07,96.55,1.735,10.847057531840141,775.2808988764044,2.4518,545.0,100.0,100.0,95.0|5.0|0.0|0.0|0.0|0.0
25,24.0,95.0,5.0,0.0,0.0,0.0,0.0,7.05,2900.0,4.67,42.768,14.65,6.46e-07,96.55,1.735,11.224359433579293,750.0,2.6898,388.0,100.0,100.0,95.0|5.0|0.0|0.0|0.0|0.0
26,25.0,95.0,5.0,0.0,0.0,0.0,0.0,8.01,3300.0,4.67,42.768,16.39,6.46e-07,96.55,1.735,12.24132349132349,687.8306878306879,3.2208,385.0,100.0,100.0,95.0|5.0|0.0|0.0|0.0|0.0
27,26.0,95.0,5.0,0.0,0.0,0.0,0.0,2.07,1700.0,5.5,42.768,14.16,6.46e-07,96.55,1.735,4.692836099086099,1806.451612903226,1.9209999999999998,800.0,100.0,100.0,95.0|5.0|0.0|0.0|0.0|0.0
28,27.0,95.0,5.0,0.0,0.0,0.0,0.0,4.02,2100.0,5.5,42.768,15.64,6.46e-07,96.55,1.735,8.751845944828402,957.9831932773109,2.135,600.0,100.0,100.0,95.0|5.0|0.0|0.0|0.0|0.0
29,28.0,95.0,5.0,0.0,0.0,0.0,0.0,6.0,2500.0,5.5,42.768,15.92,6.46e-07,96.55,1.735,10.963133752988828,766.6666666666666,2.324,520.0,100.0,100.0,95.0|5.0|0.0|0.0|0.0|0.0
30,29.0,95.0,5.0,0.0,0.0,0.0,0.0,7.09,2900.0,5.5,42.768,15.26,6.46e-07,96.55,1.735,11.248070987654323,750.0,2.562,362.0,100.0,100.0,95.0|5.0|0.0|0.0|0.0|0.0
31,30.0,95.0,5.0,0.0,0.0,0.0,0.0,8.08,3300.0,5.5,42.768,15.96,6.46e-07,96.55,1.735,13.252639173691803,636.3636363636365,3.093,360.0,100.0,100.0,95.0|5.0|0.0|0.0|0.0|0.0
32,31.0,95.0,5.0,0.0,0.0,0.0,0.0,2.06,1700.0,6.5,42.768,14.64,6.46e-07,96.55,1.735,4.844821673525376,1741.935483870968,1.7754999999999996,770.0,100.0,100.0,95.0|5.0|0.0|0.0|0.0|0.0
33,32.0,95.0,5.0,0.0,0.0,0.0,0.0,3.98,2100.0,6.5,42.768,16.5,6.46e-07,96.55,1.735,9.266273849607183,907.5630252100841,1.9894999999999996,540.0,100.0,100.0,95.0|5.0|0.0|0.0|0.0|0.0
34,33.0,95.0,5.0,0.0,0.0,0.0,0.0,6.04,2500.0,6.5,42.768,17.17,6.46e-07,96.55,1.735,11.077932610779326,761.1111111111112,2.1784999999999997,520.0,100.0,100.0,95.0|5.0|0.0|0.0|0.0|0.0
35,34.0,95.0,5.0,0.0,0.0,0.0,0.0,7.02,2900.0,6.5,42.768,15.73,6.46e-07,96.55,1.735,12.08193041526375,695.6521739130435,2.4164999999999996,460.0,100.0,100.0,95.0|5.0|0.0|0.0|0.0|0.0
36,35.0,95.0,5.0,0.0,0.0,0.0,0.0,7.93,3300.0,6.5,42.768,14.87,6.46e-07,96.55,1.735,13.246200746200746,635.1931330472103,2.9475,330.0,100.0,100.0,95.0|5.0|0.0|0.0|0.0|0.0
37,36.0,95.0,5.0,0.0,0.0,0.0,0.0,2.01,1700.0,7.5,42.768,13.91,6.46e-07,96.55,1.735,4.740382217234068,1770.491803278689,1.6514999999999995,720.0,100.0,100.0,95.0|5.0|0.0|0.0|0.0|0.0
38,37.0,95.0,5.0,0.0,0.0,0.0,0.0,4.07,2100.0,7.5,42.768,16.19,6.46e-07,96.55,1.735,9.142172475505808,917.3553719008265,1.8654999999999995,502.9,100.0,100.0,95.0|5.0|0.0|0.0|0.0|0.0
39,38.0,95.0,5.0,0.0,0.0,0.0,0.0,6.05,2500.0,7.5,42.768,16.1,6.46e-07,96.55,1.735,10.58868830145426,796.6101694915254,2.0544999999999995,442.0,100.0,100.0,95.0|5.0|0.0|0.0|0.0|0.0
40,39.0,95.0,5.0,0.0,0.0,0.0,0.0,7.03,2900.0,7.5,42.768,16.17,6.46e-07,96.55,1.735,12.10112620457448,697.1153846153845,2.2924999999999995,402.0,100.0,100.0,95.0|5.0|0.0|0.0|0.0|0.0
41,40.0,95.0,5.0,0.0,0.0,0.0,0.0,8.04,3300.0,7.5,42.768,14.65,6.46e-07,96.55,1.735,13.22253398179324,636.7924528301887,2.8234999999999997,305.0,100.0,100.0,95.0|5.0|0.0|0.0|0.0|0.0
42,41.0,90.0,10.0,0.0,0.0,0.0,0.0,2.08,1700.0,4.67,42.037,16.16,6.919999999999999e-07,97.1,3.47,5.115382634484508,1661.290322580645,1.7855999999999999,714.0,100.0,100.0,90.0|10.0|0.0|0.0|0.0|0.0
43,42.0,90.0,10.0,0.0,0.0,0.0,0.0,4.06,2100.0,4.67,42.037,16.52,6.919999999999999e-07,97.1,3.47,9.133082009207428,934.4262295081967,1.9995999999999998,551.0,100.0,100.0,90.0|10.0|0.0|0.0|0.0|0.0
44,43.0,90.0,10.0,0.0,0.0,0.0,0.0,5.97,2500.0,4.67,42.037,16.65,6.919999999999999e-07,97.1,3.47,11.342994375085151,754.2857142857143,2.1886,510.0,100.0,100.0,90.0|10.0|0.0|0.0|0.0|0.0
45,44.0,90.0,10.0,0.0,0.0,0.0,0.0,7.09,2900.0,4.67,42.037,15.49,6.919999999999999e-07,97.1,3.47,11.359813973404382,753.9267015706806,2.4265999999999996,367.0,100.0,100.0,90.0|10.0|0.0|0.0|0.0|0.0
46,45.0,90.0,10.0,0.0,0.0,0.0,0.0,8.07,3300.0,4.67,42.037,16.41,6.919999999999999e-07,97.1,3.47,13.282522332810332,644.8598130841121,2.9576000000000002,360.0,100.0,100.0,90.0|10.0|0.0|0.0|0.0|0.0
47,46.0,90.0,10.0,0.0,0.0,0.0,0.0,2.0,1700.0,5.5,42.037,14.32,6.919999999999999e-07,97.1,3.47,5.193481932583201,1639.344262295082,1.6577999999999997,714.0,100.0,100.0,90.0|10.0|0.0|0.0|0.0|0.0
48,47.0,90.0,10.0,0.0,0.0,0.0,0.0,4.05,2100.0,5.5,42.037,15.34,6.919999999999999e-07,97.1,3.47,9.169549614455292,933.3333333333335,1.8717999999999997,539.0,100.0,100.0,90.0|10.0|0.0|0.0|0.0|0.0
49,48.0,90.0,10.0,0.0,0.0,0.0,0.0,6.02,2500.0,5.5,42.037,15.88,6.919999999999999e-07,97.1,3.47,11.544245653720639,741.5730337078652,2.0607999999999995,519.0,100.0,100.0,90.0|10.0|0.0|0.0|0.0|0.0
50,49.0,90.0,10.0,0.0,0.0,0.0,0.0,7.02,2900.0,5.5,42.037,15.26,6.919999999999999e-07,97.1,3.47,12.396876561124726,692.3076923076923,2.2988,334.0,100.0,100.0,90.0|10.0|0.0|0.0|0.0|0.0
51,50.0,90.0,10.0,0.0,0.0,0.0,0.0,8.01,3300.0,5.5,42.037,15.26,6.919999999999999e-07,97.1,3.47,13.413183623950326,637.6811594202899,2.8297999999999996,314.0,100.0,100.0,90.0|10.0|0.0|0.0|0.0|0.0
52,51.0,90.0,10.0,0.0,0.0,0.0,0.0,1.97,1700.0,6.5,42.037,13.6,6.919999999999999e-07,97.1,3.47,5.26958331194449,1637.931034482759,1.5122999999999995,656.0,100.0,100.0,90.0|10.0|0.0|0.0|0.0|0.0
53,52.0,90.0,10.0,0.0,0.0,0.0,0.0,4.07,2100.0,6.5,42.037,15.88,6.919999999999999e-07,97.1,3.47,9.532475359009128,900.0000000000001,1.7262999999999995,510.0,100.0,100.0,90.0|10.0|0.0|0.0|0.0|0.0
54,53.0,90.0,10.0,0.0,0.0,0.0,0.0,5.98,2500.0,6.5,42.037,16.9,6.919999999999999e-07,97.1,3.47,12.205098229790762,700.0,1.9152999999999996,485.0,100.0,100.0,90.0|10.0|0.0|0.0|0.0|0.0
55,54.0,90.0,10.0,0.0,0.0,0.0,0.0,7.04,2900.0,6.5,42.037,15.26,6.919999999999999e-07,97.1,3.47,12.217510764326665,702.439024390244,2.1532999999999998,441.0,100.0,100.0,90.0|10.0|0.0|0.0|0.0|0.0
56,55.0,90.0,10.0,0.0,0.0,0.0,0.0,8.07,3300.0,6.5,42.037,14.65,6.919999999999999e-07,97.1,3.47,13.461859230453843,635.5140186915887,2.6842999999999995,256.0,100.0,100.0,90.0|10.0|0.0|0.0|0.0|0.0
57,56.0,90.0,10.0,0.0,0.0,0.0,0.0,2.0,1700.0,7.5,42.037,13.29,6.919999999999999e-07,97.1,3.47,5.281974225455287,1616.666666666667,1.3882999999999994,650.0,100.0,100.0,90.0|10.0|0.0|0.0|0.0|0.0
58,57.0,90.0,10.0,0.0,0.0,0.0,0.0,3.99,2100.0,7.5,42.037,15.26,6.919999999999999e-07,97.1,3.47,9.588964977394129,890.7563025210085,1.6022999999999994,454.0,100.0,100.0,90.0|10.0|0.0|0.0|0.0|0.0
59,58.0,90.0,10.0,0.0,0.0,0.0,0.0,5.97,2500.0,7.5,42.037,15.03,6.919999999999999e-07,97.1,3.47,12.307820990264338,696.6292134831461,1.7912999999999994,416.0,100.0,100.0,90.0|10.0|0.0|0.0|0.0|0.0
60,59.0,90.0,10.0,0.0,0.0,0.0,0.0,7.03,2900.0,7.5,42.037,15.92,6.919999999999999e-07,97.1,3.47,12.291989346632338,695.2380952380952,2.029299999999999,378.0,100.0,100.0,90.0|10.0|0.0|0.0|0.0|0.0
61,60.0,90.0,10.0,0.0,0.0,0.0,0.0,7.95,3300.0,7.5,42.037,14.65,6.919999999999999e-07,97.1,3.47,13.54996788543426,630.8411214953271,2.5603,265.0,100.0,100.0,90.0|10.0|0.0|0.0|0.0|0.0
62,61.0,85.0,15.0,0.0,0.0,0.0,0.0,2.01,1700.0,4.67,41.305,15.88,7.38e-07,97.65,5.205,4.914731646391614,1783.333333333333,1.159,612.0,100.0,100.0,85.0|15.0|0.0|0.0|0.0|0.0
63,62.0,85.0,15.0,0.0,0.0,0.0,0.0,4.07,2100.0,4.67,41.305,16.82,7.38e-07,97.65,5.205,9.11740551464977,958.3333333333333,1.3756595999999999,450.0,100.0,100.0,85.0|15.0|0.0|0.0|0.0|0.0
64,63.0,85.0,15.0,0.0,0.0,0.0,0.0,6.07,2500.0,4.67,41.305,17.15,7.38e-07,97.65,5.205,11.27094499403761,774.7252747252746,1.579,461.0,100.0,100.0,85.0|15.0|0.0|0.0|0.0|0.0
65,64.0,85.0,15.0,0.0,0.0,0.0,0.0,7.08,2900.0,4.67,41.305,14.65,7.38e-07,97.65,5.205,11.293894790565895,770.8333333333334,1.6082037999999999,365.0,100.0,100.0,85.0|15.0|0.0|0.0|0.0|0.0
66,65.0,85.0,15.0,0.0,0.0,0.0,0.0,8.05,3300.0,4.67,41.305,16.17,7.38e-07,97.65,5.205,12.861775866696842,676.470588235294,1.987,315.0,100.0,100.0,85.0|15.0|0.0|0.0|0.0|0.0
67,66.0,85.0,15.0,0.0,0.0,0.0,0.0,2.07,1700.0,5.5,41.305,13.45,7.38e-07,97.65,5.205,4.890748423589483,1774.193548387097,1.012,600.0,100.0,100.0,85.0|15.0|0.0|0.0|0.0|0.0
68,67.0,85.0,15.0,0.0,0.0,0.0,0.0,4.05,2100.0,5.5,41.305,14.68,7.38e-07,97.65,5.205,9.058041733279348,958.6776859504131,1.1883081,420.0,100.0,100.0,85.0|15.0|0.0|0.0|0.0|0.0
69,68.0,85.0,15.0,0.0,0.0,0.0,0.0,6.06,2500.0,5.5,41.305,14.42,7.38e-07,97.65,5.205,11.261680529856296,773.4806629834253,1.2819576,389.0,100.0,100.0,85.0|15.0|0.0|0.0|0.0|0.0
70,69.0,85.0,15.0,0.0,0.0,0.0,0.0,7.09,2900.0,5.5,41.305,16.17,7.38e-07,97.65,5.205,11.482361966806948,758.6206896551724,1.3998866,305.0,100.0,100.0,85.0|15.0|0.0|0.0|0.0|0.0
71,70.0,85.0,15.0,0.0,0.0,0.0,0.0,8.01,3300.0,5.5,41.305,15.49,7.38e-07,97.65,5.205,13.270369627155658,656.3876651982379,1.6629971000000001,230.0,100.0,100.0,85.0|15.0|0.0|0.0|0.0|0.0
72,71.0,85.0,15.0,0.0,0.0,0.0,0.0,2.03,1700.0,6.5,41.305,14.32,7.38e-07,97.65,5.205,4.973759401415609,1766.666666666667,0.923,585.0,100.0,100.0,85.0|15.0|0.0|0.0|0.0|0.0
73,72.0,85.0,15.0,0.0,0.0,0.0,0.0,4.0,2100.0,6.5,41.305,14.57,7.38e-07,97.65,5.205,9.330883497328237,933.3333333333335,1.0993081,405.0,100.0,100.0,85.0|15.0|0.0|0.0|0.0|0.0
74,73.0,85.0,15.0,0.0,0.0,0.0,0.0,6.01,2500.0,6.5,41.305,14.32,7.38e-07,97.65,5.205,11.345297621309168,769.6629213483147,1.1929576,345.0,100.0,100.0,85.0|15.0|0.0|0.0|0.0|0.0
75,74.0,85.0,15.0,0.0,0.0,0.0,0.0,7.01,2900.0,6.5,41.305,14.42,7.38e-07,97.65,5.205,12.167166202638905,717.7033492822967,1.3108866000000001,345.0,100.0,100.0,85.0|15.0|0.0|0.0|0.0|0.0
76,75.0,85.0,15.0,0.0,0.0,0.0,0.0,8.06,3300.0,6.5,41.305,16.41,7.38e-07,97.65,5.205,13.28346150547013,656.5217391304349,1.5739971000000001,220.0,100.0,100.0,85.0|15.0|0.0|0.0|0.0|0.0
77,76.0,85.0,15.0,0.0,0.0,0.0,0.0,1.99,1700.0,7.5,41.305,14.07,7.38e-07,97.65,5.205,4.952605704897148,1745.762711864407,0.8340000000000001,550.0,100.0,100.0,85.0|15.0|0.0|0.0|0.0|0.0
78,77.0,85.0,15.0,0.0,0.0,0.0,0.0,4.01,2100.0,7.5,41.305,14.95,7.38e-07,97.65,5.205,9.500867530161804,915.2542372881358,1.0103081,326.0,100.0,100.0,85.0|15.0|0.0|0.0|0.0|0.0
79,78.0,85.0,15.0,0.0,0.0,0.0,0.0,6.06,2500.0,7.5,41.305,16.1,7.38e-07,97.65,5.205,11.629801603289687,748.6033519553073,1.1039576,300.0,100.0,100.0,85.0|15.0|0.0|0.0|0.0|0.0
80,79.0,85.0,15.0,0.0,0.0,0.0,0.0,7.01,2900.0,7.5,41.305,15.02,7.38e-07,97.65,5.205,12.197940161417431,713.5922330097087,1.2218866000000002,250.0,100.0,100.0,85.0|15.0|0.0|0.0|0.0|0.0
81,80.0,85.0,15.0,0.0,0.0,0.0,0.0,7.97,3300.0,7.5,41.305,14.87,7.38e-07,97.65,5.205,13.354038770816404,653.3333333333334,1.4849971000000002,206.0,100.0,100.0,85.0|15.0|0.0|0.0|0.0|0.0
82,81.0,80.0,20.0,0.0,0.0,0.0,0.0,2.01,1700.0,4.67,40.573,15.88,8.41e-07,98.2,6.94,5.173675383024394,1800.0,1.6100999999999999,700.0,100.0,100.0,80.0|20.0|0.0|0.0|0.0|0.0
83,81.0,80.0,20.0,0.0,0.0,0.0,0.0,4.07,2100.0,4.67,40.573,16.82,8.41e-07,98.2,6.94,9.224235472012932,980.0,1.8240999999999998,525.0,100.0,100.0,80.0|20.0|0.0|0.0|0.0|0.0
84,81.0,80.0,20.0,0.0,0.0,0.0,0.0,6.07,2500.0,4.67,40.573,17.15,8.41e-07,98.2,6.94,11.403041587335128,790.0,2.113,506.0,100.0,100.0,80.0|20.0|0.0|0.0|0.0|0.0
85,81.0,80.0,20.0,0.0,0.0,0.0,0.0,7.08,2900.0,4.67,40.573,14.65,8.41e-07,98.2,6.94,11.427198983981318,781.0,2.2510999999999997,366.0,100.0,100.0,80.0|20.0|0.0|0.0|0.0|0.0
86,81.0,80.0,20.0,0.0,0.0,0.0,0.0,8.05,3300.0,4.67,40.573,16.17,8.41e-07,98.2,6.94,13.340534684383265,691.0,2.7821000000000002,351.0,100.0,100.0,80.0|20.0|0.0|0.0|0.0|0.0
87,81.0,80.0,20.0,0.0,0.0,0.0,0.0,2.07,1700.0,5.5,40.573,13.45,8.41e-07,98.2,6.94,5.25,1791.0,1.4822999999999997,694.0,100.0,100.0,80.0|20.0|0.0|0.0|0.0|0.0
88,81.0,80.0,20.0,0.0,0.0,0.0,0.0,4.05,2100.0,5.5,40.573,14.68,8.41e-07,98.2,6.94,9.29,970.0,1.6962999999999997,517.0,100.0,100.0,80.0|20.0|0.0|0.0|0.0|0.0
89,81.0,80.0,20.0,0.0,0.0,0.0,0.0,6.06,2500.0,5.5,40.573,14.42,8.41e-07,98.2,6.94,11.55,781.0,1.8852999999999995,502.0,100.0,100.0,80.0|20.0|0.0|0.0|0.0|0.0
90,81.0,80.0,20.0,0.0,0.0,0.0,0.0,7.09,2900.0,5.5,40.573,16.17,8.41e-07,98.2,6.94,12.512920330223507,760.0,2.1233,336.0,100.0,100.0,80.0|20.0|0.0|0.0|0.0|0.0
91,81.0,80.0,20.0,0.0,0.0,0.0,0.0,8.01,3300.0,5.5,40.573,15.49,8.41e-07,98.2,6.94,13.55,683.0,2.6542999999999997,305.0,100.0,100.0,80.0|20.0|0.0|0.0|0.0|0.0
92,81.0,80.0,20.0,0.0,0.0,0.0,0.0,2.03,1700.0,6.5,40.573,14.32,8.41e-07,98.2,6.94,5.250434558681518,1770.0,1.3367999999999995,646.0,100.0,100.0,80.0|20.0|0.0|0.0|0.0|0.0
93,81.0,80.0,20.0,0.0,0.0,0.0,0.0,4.0,2100.0,6.5,40.573,14.57,8.41e-07,98.2,6.94,9.605227579990986,950.0,1.4508,476.0,100.0,100.0,80.0|20.0|0.0|0.0|0.0|0.0
94,81.0,80.0,20.0,0.0,0.0,0.0,0.0,6.01,2500.0,6.5,40.573,14.32,8.41e-07,98.2,6.94,12.250945689431495,780.0,1.7397999999999996,464.0,100.0,100.0,80.0|20.0|0.0|0.0|0.0|0.0
95,81.0,80.0,20.0,0.0,0.0,0.0,0.0,7.01,2900.0,6.5,40.573,14.42,8.41e-07,98.2,6.94,12.536803364879075,730.0,1.9777999999999998,436.0,100.0,100.0,80.0|20.0|0.0|0.0|0.0|0.0
96,81.0,80.0,20.0,0.0,0.0,0.0,0.0,8.06,3300.0,6.5,40.573,16.41,8.41e-07,98.2,6.94,13.53751133163832,681.0,2.5087999999999995,250.0,100.0,100.0,80.0|20.0|0.0|0.0|0.0|0.0
97,81.0,80.0,20.0,0.0,0.0,0.0,0.0,1.99,1700.0,7.5,40.573,14.07,8.41e-07,98.2,6.94,5.353659456930252,1750.0,1.2127999999999994,631.0,100.0,100.0,80.0|20.0|0.0|0.0|0.0|0.0
98,81.0,80.0,20.0,0.0,0.0,0.0,0.0,4.01,2100.0,7.5,40.573,14.95,8.41e-07,98.2,6.94,9.671409695290116,932.0,1.3268,430.0,100.0,100.0,80.0|20.0|0.0|0.0|0.0|0.0
99,81.0,80.0,20.0,0.0,0.0,0.0,0.0,6.06,2500.0,7.5,40.573,16.1,8.41e-07,98.2,6.94,12.327341554344708,753.0,1.7158,410.0,100.0,100.0,80.0|20.0|0.0|0.0|0.0|0.0
100,81.0,80.0,20.0,0.0,0.0,0.0,0.0,7.01,2900.0,7.5,40.573,15.02,8.41e-07,98.2,6.94,12.649215694307548,723.0,1.8537999999999992,350.0,100.0,100.0,80.0|20.0|0.0|0.0|0.0|0.0
101,81.0,80.0,20.0,0.0,0.0,0.0,0.0,7.97,3300.0,7.5,40.573,14.87,8.41e-07,98.2,6.94,13.716203039862345,652.0,2.3848,262.0,100.0,100.0,80.0|20.0|0.0|0.0|0.0|0.0
102,81.0,98.5,0.0,0.0,1.5,0.0,0.0,2.0,1700.0,4.67,41.844,14.16,7.179999999999999e-07,97.43,3.8693,4.918809975143277,1650.0,1.4345999999999999,636.0,100.0,100.0,98.5|0.0|0.0|1.5|0.0|0.0
103,82.0,98.5,0.0,0.0,1.5,0.0,0.0,4.0,2100.0,4.67,41.844,14.01,7.179999999999999e-07,97.43,3.8693,9.087314904866924,932.2033898305085,1.6485999999999998,472.0,100.0,100.0,98.5|0.0|0.0|1.5|0.0|0.0
104,83.0,98.5,0.0,0.0,1.5,0.0,0.0,6.0,2500.0,4.67,41.844,14.65,7.179999999999999e-07,97.43,3.8693,11.258566328055815,755.6818181818182,1.9375,471.0,100.0,100.0,98.5|0.0|0.0|1.5|0.0|0.0
105,84.0,98.5,0.0,0.0,1.5,0.0,0.0,7.0,2900.0,4.67,41.844,15.26,7.179999999999999e-07,97.43,3.8693,11.299672616193856,752.6881720430107,2.0755999999999997,365.0,100.0,100.0,98.5|0.0|0.0|1.5|0.0|0.0
106,85.0,98.5,0.0,0.0,1.5,0.0,0.0,8.0,3300.0,4.67,41.844,15.26,7.179999999999999e-07,97.43,3.8693,12.90705955872385,645.933014354067,2.6066000000000003,324.0,100.0,100.0,98.5|0.0|0.0|1.5|0.0|0.0
107,86.0,98.5,0.0,0.0,1.5,0.0,0.0,2.0,1700.0,5.5,41.844,14.64,7.179999999999999e-07,97.43,3.8693,4.961789707006322,1631.490468575428,1.3067999999999997,627.0,100.0,100.0,98.5|0.0|0.0|1.5|0.0|0.0
108,87.0,98.5,0.0,0.0,1.5,0.0,0.0,4.0,2100.0,5.5,41.844,14.15,7.179999999999999e-07,97.43,3.8693,9.183422100959735,926.8902960773397,1.5207999999999997,445.0,100.0,100.0,98.5|0.0|0.0|1.5|0.0|0.0
109,88.0,98.5,0.0,0.0,1.5,0.0,0.0,6.0,2500.0,5.5,41.844,14.15,7.179999999999999e-07,97.43,3.8693,11.260228181803546,743.6712985895664,1.7097999999999995,420.0,100.0,100.0,98.5|0.0|0.0|1.5|0.0|0.0
110,89.0,98.5,0.0,0.0,1.5,0.0,0.0,7.0,2900.0,5.5,41.844,14.73,7.179999999999999e-07,97.43,3.8693,11.682439250205903,687.8048780487806,1.9478,309.0,100.0,100.0,98.5|0.0|0.0|1.5|0.0|0.0
111,90.0,98.5,0.0,0.0,1.5,0.0,0.0,8.0,3300.0,5.5,41.844,14.73,7.179999999999999e-07,97.43,3.8693,13.29814660732016,635.1608445290532,2.4787999999999997,250.0,100.0,100.0,98.5|0.0|0.0|1.5|0.0|0.0
112,91.0,98.5,0.0,0.0,1.5,0.0,0.0,2.0,1700.0,6.5,41.844,13.91,7.179999999999999e-07,97.43,3.8693,4.985275894878925,1633.333333333333,1.1612999999999996,609.0,100.0,100.0,98.5|0.0|0.0|1.5|0.0|0.0
113,92.0,98.5,0.0,0.0,1.5,0.0,0.0,4.0,2100.0,6.5,41.844,14.15,7.179999999999999e-07,97.43,3.8693,9.334678649569815,897.4358974358976,1.2753,434.0,100.0,100.0,98.5|0.0|0.0|1.5|0.0|0.0
114,93.0,98.5,0.0,0.0,1.5,0.0,0.0,6.0,2500.0,6.5,41.844,14.56,7.179999999999999e-07,97.43,3.8693,11.400138599534515,703.9106145251397,1.5642999999999996,385.0,100.0,100.0,98.5|0.0|0.0|1.5|0.0|0.0
115,94.0,98.5,0.0,0.0,1.5,0.0,0.0,7.0,2900.0,6.5,41.844,15.26,7.179999999999999e-07,97.43,3.8693,12.202688343531872,685.7142857142857,1.8022999999999998,375.0,100.0,100.0,98.5|0.0|0.0|1.5|0.0|0.0
116,95.0,98.5,0.0,0.0,1.5,0.0,0.0,8.0,3300.0,6.5,41.844,15.26,7.179999999999999e-07,97.43,3.8693,13.378764249011521,636.7521367521368,2.3332999999999995,236.0,100.0,100.0,98.5|0.0|0.0|1.5|0.0|0.0
117,96.0,98.5,0.0,0.0,1.5,0.0,0.0,2.0,1700.0,7.5,41.844,13.6,7.179999999999999e-07,97.43,3.8693,5.060016213530452,1610.169491525424,1.0372999999999994,575.0,100.0,100.0,98.5|0.0|0.0|1.5|0.0|0.0
118,97.0,98.5,0.0,0.0,1.5,0.0,0.0,4.0,2100.0,7.5,41.844,15.04,7.179999999999999e-07,97.43,3.8693,9.527279700834212,891.6666666666667,1.1513,358.0,100.0,100.0,98.5|0.0|0.0|1.5|0.0|0.0
119,98.0,98.5,0.0,0.0,1.5,0.0,0.0,6.0,2500.0,7.5,41.844,14.95,7.179999999999999e-07,97.43,3.8693,11.672434383144902,698.3240223463687,1.4402999999999995,332.0,100.0,100.0,98.5|0.0|0.0|1.5|0.0|0.0
120,99.0,98.5,0.0,0.0,1.5,0.0,0.0,7.0,2900.0,7.5,41.844,15.32,7.179999999999999e-07,97.43,3.8693,12.236971425831817,679.9999999999999,1.6782999999999992,280.0,100.0,100.0,98.5|0.0|0.0|1.5|0.0|0.0
121,100.0,98.5,0.0,0.0,1.5,0.0,0.0,8.0,3300.0,7.5,41.844,15.32,7.179999999999999e-07,97.43,3.8693,13.421886550839936,628.140703517588,2.2093,221.0,100.0,100.0,98.5|0.0|0.0|1.5|0.0|0.0
122,101.0,97.5,0.0,0.0,2.5,0.0,0.0,1.99,1700.0,4.67,41.716,14.64,7.35e-07,97.65,4.1355,4.942526962603509,1762.71186440678,1.2590999999999999,619.0,100.0,100.0,97.5|0.0|0.0|2.5|0.0|0.0
123,102.0,97.5,0.0,0.0,2.5,0.0,0.0,4.0,2100.0,4.67,41.716,13.65,7.35e-07,97.65,4.1355,9.108405240522679,949.1525423728815,1.4730999999999999,455.0,100.0,100.0,97.5|0.0|0.0|2.5|0.0|0.0
124,103.0,97.5,0.0,0.0,2.5,0.0,0.0,5.99,2500.0,4.67,41.716,14.65,7.35e-07,97.65,4.1355,11.353748818946642,768.361581920904,1.762,462.0,100.0,100.0,97.5|0.0|0.0|2.5|0.0|0.0
125,104.0,97.5,0.0,0.0,2.5,0.0,0.0,6.95,2900.0,4.67,41.716,14.65,7.35e-07,97.65,4.1355,11.383479701985038,765.625,1.9000999999999997,364.0,100.0,100.0,97.5|0.0|0.0|2.5|0.0|0.0
126,105.0,97.5,0.0,0.0,2.5,0.0,0.0,7.96,3300.0,4.67,41.716,16.9,7.35e-07,97.65,4.1355,13.288467827257861,668.2027649769585,2.4311000000000003,315.0,100.0,100.0,97.5|0.0|0.0|2.5|0.0|0.0
127,106.0,97.5,0.0,0.0,2.5,0.0,0.0,2.02,1700.0,5.5,41.716,14.32,7.35e-07,97.65,4.1355,5.010762066354093,1745.762711864407,1.1312999999999998,606.0,100.0,100.0,97.5|0.0|0.0|2.5|0.0|0.0
128,107.0,97.5,0.0,0.0,2.5,0.0,0.0,3.98,2100.0,5.5,41.716,14.29,7.35e-07,97.65,4.1355,9.1666877591208,940.1709401709403,1.3452999999999997,426.0,100.0,100.0,97.5|0.0|0.0|2.5|0.0|0.0
129,108.0,97.5,0.0,0.0,2.5,0.0,0.0,5.98,2500.0,5.5,41.716,13.98,7.35e-07,97.65,4.1355,11.360281496136237,765.3631284916202,1.634,397.0,100.0,100.0,97.5|0.0|0.0|2.5|0.0|0.0
130,109.0,97.5,0.0,0.0,2.5,0.0,0.0,7.0,2900.0,5.5,41.716,14.87,7.35e-07,97.65,4.1355,12.296876502837359,740.1960784313726,1.7723,306.0,100.0,100.0,97.5|0.0|0.0|2.5|0.0|0.0
131,110.0,97.5,0.0,0.0,2.5,0.0,0.0,8.0,3300.0,5.5,41.716,15.43,7.35e-07,97.65,4.1355,13.377652175091809,649.2146596858639,2.3032999999999997,235.0,100.0,100.0,97.5|0.0|0.0|2.5|0.0|0.0
132,111.0,97.5,0.0,0.0,2.5,0.0,0.0,2.0,1700.0,6.5,41.716,15.94,7.35e-07,97.65,4.1355,5.119078698133096,1733.333333333333,1.025,591.0,100.0,100.0,97.5|0.0|0.0|2.5|0.0|0.0
133,112.0,97.5,0.0,0.0,2.5,0.0,0.0,4.0,2100.0,6.5,41.716,17.87,7.35e-07,97.65,4.1355,9.422815990876488,924.3697478991598,1.1997999999999995,412.0,100.0,100.0,97.5|0.0|0.0|2.5|0.0|0.0
134,113.0,97.5,0.0,0.0,2.5,0.0,0.0,5.95,2500.0,6.5,41.716,15.63,7.35e-07,97.65,4.1355,11.862097625048916,758.6206896551724,1.3887999999999996,355.0,100.0,100.0,97.5|0.0|0.0|2.5|0.0|0.0
135,114.0,97.5,0.0,0.0,2.5,0.0,0.0,6.91,2900.0,6.5,41.716,11.99,7.35e-07,97.65,4.1355,12.172329008174144,706.7307692307692,1.6267999999999998,352.0,100.0,100.0,97.5|0.0|0.0|2.5|0.0|0.0
136,115.0,97.5,0.0,0.0,2.5,0.0,0.0,8.0,3300.0,6.5,41.716,15.92,7.35e-07,97.65,4.1355,13.53003751082043,644.5497630331755,2.1577999999999995,224.0,100.0,100.0,97.5|0.0|0.0|2.5|0.0|0.0
137,116.0,97.5,0.0,0.0,2.5,0.0,0.0,2.0,1700.0,7.5,41.716,15.26,7.35e-07,97.65,4.1355,5.296902952774839,1706.896551724138,0.8617999999999995,556.0,100.0,100.0,97.5|0.0|0.0|2.5|0.0|0.0
138,117.0,97.5,0.0,0.0,2.5,0.0,0.0,4.07,2100.0,7.5,41.716,15.26,7.35e-07,97.65,4.1355,9.495373136040477,906.7796610169493,0.911,334.0,100.0,100.0,97.5|0.0|0.0|2.5|0.0|0.0
139,118.0,97.5,0.0,0.0,2.5,0.0,0.0,6.0,2500.0,7.5,41.716,14.32,7.35e-07,97.65,4.1355,12.077196824527784,737.4301675977654,1.2647999999999995,308.0,100.0,100.0,97.5|0.0|0.0|2.5|0.0|0.0
142,121.0,96.5,0.0,0.0,3.5,0.0,0.0,2.06,1700.0,4.67,41.588,14.64,7.52e-07,97.87,4.4017,4.282239436291094,1737.704918032787,2.1803999999999997,830.0,100.0,100.0,96.5|0.0|0.0|3.5|0.0|0.0
143,122.0,96.5,0.0,0.0,3.5,0.0,0.0,3.98,2100.0,4.67,41.588,14.68,7.52e-07,97.87,4.4017,7.7033778148683325,949.1525423728815,2.3944,627.0,100.0,100.0,96.5|0.0|0.0|3.5|0.0|0.0
144,123.0,96.5,0.0,0.0,3.5,0.0,0.0,6.02,2500.0,4.67,41.588,15.26,7.52e-07,97.87,4.4017,10.106171461876473,764.0449438202248,2.5834,548.0,100.0,100.0,96.5|0.0|0.0|3.5|0.0|0.0
145,124.0,96.5,0.0,0.0,3.5,0.0,0.0,7.0,2900.0,4.67,41.588,15.26,7.52e-07,97.87,4.4017,11.183698154536925,760.9756097560977,2.921,397.0,100.0,100.0,96.5|0.0|0.0|3.5|0.0|0.0
146,125.0,96.5,0.0,0.0,3.5,0.0,0.0,8.0,3300.0,4.67,41.588,15.23,7.52e-07,97.87,4.4017,12.22516875015018,652.1739130434783,3.3524000000000003,387.0,100.0,100.0,96.5|0.0|0.0|3.5|0.0|0.0
147,126.0,96.5,0.0,0.0,3.5,0.0,0.0,2.02,1700.0,5.5,41.588,15.17,7.52e-07,97.87,4.4017,4.578441600863963,1716.666666666667,2.0526,820.0,100.0,100.0,96.5|0.0|0.0|3.5|0.0|0.0
148,127.0,96.5,0.0,0.0,3.5,0.0,0.0,4.03,2100.0,5.5,41.588,14.41,7.52e-07,97.87,4.4017,8.12271898325266,942.1487603305785,2.2665999999999995,615.0,100.0,100.0,96.5|0.0|0.0|3.5|0.0|0.0
149,128.0,96.5,0.0,0.0,3.5,0.0,0.0,6.04,2500.0,5.5,41.588,14.65,7.52e-07,97.87,4.4017,10.661192691242372,761.1111111111112,2.4555999999999996,535.0,100.0,100.0,96.5|0.0|0.0|3.5|0.0|0.0
150,129.0,96.5,0.0,0.0,3.5,0.0,0.0,6.98,2900.0,5.5,41.588,14.3,7.52e-07,97.87,4.4017,11.239597161315992,702.439024390244,2.6936,370.0,100.0,100.0,96.5|0.0|0.0|3.5|0.0|0.0
151,130.0,96.5,0.0,0.0,3.5,0.0,0.0,8.0,3300.0,5.5,41.588,14.3,7.52e-07,97.87,4.4017,13.14060370816767,647.8260869565217,3.2245999999999997,365.0,100.0,100.0,96.5|0.0|0.0|3.5|0.0|0.0
152,131.0,96.5,0.0,0.0,3.5,0.0,0.0,1.96,1700.0,6.5,41.588,14.4,7.52e-07,97.87,4.4017,4.695396532816911,1689.655172413793,1.9070999999999996,780.0,100.0,100.0,96.5|0.0|0.0|3.5|0.0|0.0
153,132.0,96.5,0.0,0.0,3.5,0.0,0.0,4.06,2100.0,6.5,41.588,14.57,7.52e-07,97.87,4.4017,8.960686703576178,918.0327868852461,2.212,550.0,100.0,100.0,96.5|0.0|0.0|3.5|0.0|0.0
154,133.0,96.5,0.0,0.0,3.5,0.0,0.0,6.02,2500.0,6.5,41.588,14.56,7.52e-07,97.87,4.4017,10.512204471139585,727.7777777777777,2.3100999999999994,525.0,100.0,100.0,96.5|0.0|0.0|3.5|0.0|0.0
155,134.0,96.5,0.0,0.0,3.5,0.0,0.0,6.97,2900.0,6.5,41.588,15.32,7.52e-07,97.87,4.4017,11.968937461151263,709.5238095238094,2.5481,470.0,100.0,100.0,96.5|0.0|0.0|3.5|0.0|0.0
156,135.0,96.5,0.0,0.0,3.5,0.0,0.0,8.0,3300.0,6.5,41.588,15.3,7.52e-07,97.87,4.4017,13.187428544763064,641.0256410256411,3.0790999999999995,335.0,100.0,100.0,96.5|0.0|0.0|3.5|0.0|0.0
157,136.0,96.5,0.0,0.0,3.5,0.0,0.0,2.06,1700.0,7.5,41.588,14.95,7.52e-07,97.87,4.4017,4.755873912130474,1639.344262295082,1.8831,730.0,100.0,100.0,96.5|0.0|0.0|3.5|0.0|0.0
158,137.0,96.5,0.0,0.0,3.5,0.0,0.0,3.99,2100.0,7.5,41.588,14.46,7.52e-07,97.87,4.4017,8.950369672771409,908.3333333333335,1.9970999999999994,506.0,100.0,100.0,96.5|0.0|0.0|3.5|0.0|0.0
159,138.0,96.5,0.0,0.0,3.5,0.0,0.0,6.04,2500.0,7.5,41.588,14.32,7.52e-07,97.87,4.4017,10.579641548866217,718.2320441988951,2.3861,465.0,100.0,100.0,96.5|0.0|0.0|3.5|0.0|0.0
160,139.0,96.5,0.0,0.0,3.5,0.0,0.0,7.02,2900.0,7.5,41.588,14.52,7.52e-07,97.87,4.4017,11.987447210620875,704.7619047619047,2.4240999999999993,425.0,100.0,100.0,96.5|0.0|0.0|3.5|0.0|0.0
161,140.0,96.5,0.0,0.0,3.5,0.0,0.0,8.0,3300.0,7.5,41.588,14.45,7.52e-07,97.87,4.4017,13.157544125468851,636.7521367521368,2.9551,315.0,100.0,100.0,96.5|0.0|0.0|3.5|0.0|0.0
162,141.0,95.0,0.0,0.0,5.0,0.0,0.0,1.94,1700.0,4.67,42.859,14.46,6.85e-07,97.1,1.331,4.118063229964066,1964.912280701755,1.9171999999999998,740.0,100.0,100.0,95.0|0.0|0.0|5.0|0.0|0.0
163,142.0,95.0,0.0,0.0,5.0,0.0,0.0,3.98,2100.0,4.67,42.859,14.52,6.85e-07,97.1,1.331,7.137240039793454,1093.220338983051,2.1311999999999998,557.0,100.0,100.0,95.0|0.0|0.0|5.0|0.0|0.0
164,143.0,95.0,0.0,0.0,5.0,0.0,0.0,5.97,2500.0,4.67,42.859,14.08,6.85e-07,97.1,1.331,9.86669922052934,832.4022346368714,2.3202,520.0,100.0,100.0,95.0|0.0|0.0|5.0|0.0|0.0
165,144.0,95.0,0.0,0.0,5.0,0.0,0.0,6.99,2900.0,4.67,42.859,15.32,6.85e-07,97.1,1.331,11.088087619424963,751.2437810945275,2.5582,380.0,100.0,100.0,95.0|0.0|0.0|5.0|0.0|0.0
166,145.0,95.0,0.0,0.0,5.0,0.0,0.0,7.98,3300.0,4.67,42.859,16.65,6.85e-07,97.1,1.331,12.077783317900135,687.1794871794872,3.0892,373.0,100.0,100.0,95.0|0.0|0.0|5.0|0.0|0.0
167,146.0,95.0,0.0,0.0,5.0,0.0,0.0,1.92,1700.0,5.5,42.859,16.69,6.85e-07,97.1,1.331,4.24858819820276,1842.105263157895,1.7893999999999997,720.0,100.0,100.0,95.0|0.0|0.0|5.0|0.0|0.0
168,147.0,95.0,0.0,0.0,5.0,0.0,0.0,4.01,2100.0,5.5,42.859,15.04,6.85e-07,97.1,1.331,7.665797216013825,1033.333333333333,1.942,540.0,100.0,100.0,95.0|0.0|0.0|5.0|0.0|0.0
169,148.0,95.0,0.0,0.0,5.0,0.0,0.0,5.99,2500.0,5.5,42.859,13.75,6.85e-07,97.1,1.331,10.382797989417817,789.7727272727271,2.1923999999999997,510.0,100.0,100.0,95.0|0.0|0.0|5.0|0.0|0.0
170,149.0,95.0,0.0,0.0,5.0,0.0,0.0,6.97,2900.0,5.5,42.859,14.87,6.85e-07,97.1,1.331,10.995623904495714,748.768472906404,2.4303999999999997,330.0,100.0,100.0,95.0|0.0|0.0|5.0|0.0|0.0
171,150.0,95.0,0.0,0.0,5.0,0.0,0.0,7.97,3300.0,5.5,42.859,16.65,6.85e-07,97.1,1.331,12.820539443994868,638.0952380952382,2.9614,330.0,100.0,100.0,95.0|0.0|0.0|5.0|0.0|0.0
172,151.0,95.0,0.0,0.0,5.0,0.0,0.0,2.02,1700.0,6.5,42.859,14.32,6.85e-07,97.1,1.331,4.50234497133924,1783.333333333333,1.6438999999999995,710.0,100.0,100.0,95.0|0.0|0.0|5.0|0.0|0.0
173,152.0,95.0,0.0,0.0,5.0,0.0,0.0,3.99,2100.0,6.5,42.859,14.15,6.85e-07,97.1,1.331,7.848234027809146,941.1764705882354,1.6579,530.0,100.0,100.0,95.0|0.0|0.0|5.0|0.0|0.0
174,153.0,95.0,0.0,0.0,5.0,0.0,0.0,5.97,2500.0,6.5,42.859,15.37,6.85e-07,97.1,1.331,10.459506657226646,799.9999999999999,2.0468999999999995,505.0,100.0,100.0,95.0|0.0|0.0|5.0|0.0|0.0
175,154.0,95.0,0.0,0.0,5.0,0.0,0.0,6.97,2900.0,6.5,42.859,15.26,6.85e-07,97.1,1.331,11.400009595327619,702.020202020202,2.2848999999999995,456.0,100.0,100.0,95.0|0.0|0.0|5.0|0.0|0.0
176,155.0,95.0,0.0,0.0,5.0,0.0,0.0,8.0,3300.0,6.5,42.859,15.2,6.85e-07,97.1,1.331,12.848726059465713,637.1681415929204,2.8158999999999996,280.0,100.0,100.0,95.0|0.0|0.0|5.0|0.0|0.0
177,156.0,95.0,0.0,0.0,5.0,0.0,0.0,2.0,1700.0,7.5,42.859,14.73,6.85e-07,97.1,1.331,4.63722927316655,1779.661016949153,1.5198999999999994,670.0,100.0,100.0,95.0|0.0|0.0|5.0|0.0|0.0
178,157.0,95.0,0.0,0.0,5.0,0.0,0.0,4.0,2100.0,7.5,42.859,14.29,6.85e-07,97.1,1.331,7.8951890404351435,941.6666666666666,1.8339,465.0,100.0,100.0,95.0|0.0|0.0|5.0|0.0|0.0
179,158.0,95.0,0.0,0.0,5.0,0.0,0.0,5.97,2500.0,7.5,42.859,14.13,6.85e-07,97.1,1.331,10.623253114785165,795.4545454545454,1.9228999999999994,427.0,100.0,100.0,95.0|0.0|0.0|5.0|0.0|0.0
180,159.0,95.0,0.0,0.0,5.0,0.0,0.0,6.97,2900.0,7.5,42.859,14.79,6.85e-07,97.1,1.331,11.717063654779558,699.0291262135921,2.1608999999999994,385.0,100.0,100.0,95.0|0.0|0.0|5.0|0.0|0.0
181,160.0,95.0,0.0,0.0,5.0,0.0,0.0,8.0,3300.0,7.5,42.859,14.75,6.85e-07,97.1,1.331,12.932708250582142,639.1304347826087,2.6918999999999995,275.0,100.0,100.0,95.0|0.0|0.0|5.0|0.0|0.0
182,161.0,90.0,0.0,0.0,10.0,0.0,0.0,1.96,1700.0,4.67,42.218,14.46,7.699999999999999e-07,98.2,2.662,5.239170739929209,2067.796610169492,1.6100999999999999,706.0,100.0,100.0,90.0|0.0|0.0|10.0|0.0|0.0
183,162.0,90.0,0.0,0.0,10.0,0.0,0.0,3.92,2100.0,4.67,42.218,13.89,7.699999999999999e-07,98.2,2.662,9.207465345001161,1196.581196581197,1.8240999999999998,537.0,100.0,100.0,90.0|0.0|0.0|10.0|0.0|0.0
184,163.0,90.0,0.0,0.0,10.0,0.0,0.0,6.03,2500.0,4.67,42.218,13.87,7.699999999999999e-07,98.2,2.662,11.479274116523401,861.878453038674,2.113,508.0,100.0,100.0,90.0|0.0|0.0|10.0|0.0|0.0
185,164.0,90.0,0.0,0.0,10.0,0.0,0.0,6.98,2900.0,4.67,42.218,14.52,7.699999999999999e-07,98.2,2.662,11.810888252148997,770.0,2.2510999999999997,366.0,100.0,100.0,90.0|0.0|0.0|10.0|0.0|0.0
186,165.0,90.0,0.0,0.0,10.0,0.0,0.0,7.91,3300.0,4.67,42.218,15.92,7.699999999999999e-07,98.2,2.662,13.367191977077367,705.5837563451777,2.7821000000000002,354.0,100.0,100.0,90.0|0.0|0.0|10.0|0.0|0.0
187,166.0,90.0,0.0,0.0,10.0,0.0,0.0,1.97,1700.0,5.5,42.218,13.87,7.699999999999999e-07,98.2,2.662,5.185909320748356,2000.0,1.4822999999999997,684.0,100.0,100.0,90.0|0.0|0.0|10.0|0.0|0.0
188,167.0,90.0,0.0,0.0,10.0,0.0,0.0,4.02,2100.0,5.5,42.218,13.76,7.699999999999999e-07,98.2,2.662,9.21413221449038,1116.666666666667,1.6962999999999997,510.0,100.0,100.0,90.0|0.0|0.0|10.0|0.0|0.0
189,168.0,90.0,0.0,0.0,10.0,0.0,0.0,5.95,2500.0,5.5,42.218,14.32,7.699999999999999e-07,98.2,2.662,11.567762904674336,819.2090395480226,1.8852999999999995,493.0,100.0,100.0,90.0|0.0|0.0|10.0|0.0|0.0
190,169.0,90.0,0.0,0.0,10.0,0.0,0.0,6.99,2900.0,5.5,42.218,14.08,7.699999999999999e-07,98.2,2.662,12.543478260869566,776.6990291262135,2.1233,319.0,100.0,100.0,90.0|0.0|0.0|10.0|0.0|0.0
191,170.0,90.0,0.0,0.0,10.0,0.0,0.0,8.02,3300.0,5.5,42.218,14.08,7.699999999999999e-07,98.2,2.662,13.417508151368443,663.6363636363636,2.6542999999999997,293.0,100.0,100.0,90.0|0.0|0.0|10.0|0.0|0.0
192,171.0,90.0,0.0,0.0,10.0,0.0,0.0,2.01,1700.0,6.5,42.218,14.32,7.699999999999999e-07,98.2,2.662,5.329770773638968,1883.333333333333,1.3537999999999994,665.0,100.0,100.0,90.0|0.0|0.0|10.0|0.0|0.0
193,172.0,90.0,0.0,0.0,10.0,0.0,0.0,3.99,2100.0,6.5,42.218,13.88,7.699999999999999e-07,98.2,2.662,9.633693061617974,1084.033613445378,1.4678,500.0,100.0,100.0,90.0|0.0|0.0|10.0|0.0|0.0
194,173.0,90.0,0.0,0.0,10.0,0.0,0.0,5.97,2500.0,6.5,42.218,13.75,7.699999999999999e-07,98.2,2.662,12.25975136334227,815.6424581005585,1.7567999999999995,491.0,100.0,100.0,90.0|0.0|0.0|10.0|0.0|0.0
195,174.0,90.0,0.0,0.0,10.0,0.0,0.0,6.98,2900.0,6.5,42.218,14.08,7.699999999999999e-07,98.2,2.662,12.46795572138278,747.6190476190476,1.9947999999999997,454.0,100.0,100.0,90.0|0.0|0.0|10.0|0.0|0.0
196,175.0,90.0,0.0,0.0,10.0,0.0,0.0,7.82,3300.0,6.5,42.218,14.52,7.699999999999999e-07,98.2,2.662,13.554893175131246,662.2222222222223,2.5257999999999994,268.0,100.0,100.0,90.0|0.0|0.0|10.0|0.0|0.0
197,176.0,90.0,0.0,0.0,10.0,0.0,0.0,1.99,1700.0,7.5,42.218,13.91,7.699999999999999e-07,98.2,2.662,5.351047174548785,1833.333333333333,1.2127999999999994,640.0,100.0,100.0,90.0|0.0|0.0|10.0|0.0|0.0
198,177.0,90.0,0.0,0.0,10.0,0.0,0.0,4.1,2100.0,7.5,42.218,14.46,7.699999999999999e-07,98.2,2.662,9.630318935275689,1081.967213114754,1.3268,438.0,100.0,100.0,90.0|0.0|0.0|10.0|0.0|0.0
199,178.0,90.0,0.0,0.0,10.0,0.0,0.0,5.97,2500.0,7.5,42.218,13.55,7.699999999999999e-07,98.2,2.662,12.373648211479805,804.4692737430167,1.7158,413.0,100.0,100.0,90.0|0.0|0.0|10.0|0.0|0.0
200,179.0,90.0,0.0,0.0,10.0,0.0,0.0,6.99,2900.0,7.5,42.218,14.2,7.699999999999999e-07,98.2,2.662,12.59572621978288,729.4685990338164,1.8537999999999992,358.0,100.0,100.0,90.0|0.0|0.0|10.0|0.0|0.0
201,180.0,90.0,0.0,0.0,10.0,0.0,0.0,7.89,3300.0,7.5,42.218,14.73,7.699999999999999e-07,98.2,2.662,13.636722682567957,658.2278481012657,2.3848,263.0,100.0,100.0,90.0|0.0|0.0|10.0|0.0|0.0
202,181.0,98.5,0.0,0.0,0.0,1.5,0.0,2.11,1700.0,4.67,41.88,15.5,7.38e-07,97.1,3.79385,4.864101213799605,1645.161290322581,1.4345999999999999,657.0,100.0,100.0,98.5|0.0|0.0|0.0|1.5|0.0
203,182.0,98.5,0.0,0.0,0.0,1.5,0.0,3.99,2100.0,4.67,41.88,14.68,7.38e-07,97.1,3.79385,9.138468226940075,932.7731092436976,1.6485999999999998,499.0,100.0,100.0,98.5|0.0|0.0|0.0|1.5|0.0
204,183.0,98.5,0.0,0.0,0.0,1.5,0.0,6.05,2500.0,4.67,41.88,15.73,7.38e-07,97.1,3.79385,11.28174493658053,750.0,1.9375,496.0,100.0,100.0,98.5|0.0|0.0|0.0|1.5|0.0
205,184.0,98.5,0.0,0.0,0.0,1.5,0.0,6.98,2900.0,4.67,41.88,16.65,7.38e-07,97.1,3.79385,11.32211393093995,729.1666666666666,2.0755999999999997,365.0,100.0,100.0,98.5|0.0|0.0|0.0|1.5|0.0
206,185.0,98.5,0.0,0.0,0.0,1.5,0.0,8.0,3300.0,4.67,41.88,16.52,7.38e-07,97.1,3.79385,12.958035487144507,642.2018348623852,2.6066000000000003,338.0,100.0,100.0,98.5|0.0|0.0|0.0|1.5|0.0
207,186.0,98.5,0.0,0.0,0.0,1.5,0.0,2.06,1700.0,5.5,41.88,14.64,7.38e-07,97.1,3.79385,4.962712699020627,1645.161290322581,1.3067999999999997,646.0,100.0,100.0,98.5|0.0|0.0|0.0|1.5|0.0
208,187.0,98.5,0.0,0.0,0.0,1.5,0.0,4.12,2100.0,5.5,41.88,14.15,7.38e-07,97.1,3.79385,9.200863479683854,933.3333333333335,1.5207999999999997,467.0,100.0,100.0,98.5|0.0|0.0|0.0|1.5|0.0
209,188.0,98.5,0.0,0.0,0.0,1.5,0.0,6.09,2500.0,5.5,41.88,15.26,7.38e-07,97.1,3.79385,11.25139398923108,744.4444444444445,1.7097999999999995,450.0,100.0,100.0,98.5|0.0|0.0|0.0|1.5|0.0
210,189.0,98.5,0.0,0.0,0.0,1.5,0.0,7.05,2900.0,5.5,41.88,15.32,7.38e-07,97.1,3.79385,11.958693986978169,686.5671641791045,1.9478,314.0,100.0,100.0,98.5|0.0|0.0|0.0|1.5|0.0
211,190.0,98.5,0.0,0.0,0.0,1.5,0.0,8.0,3300.0,5.5,41.88,15.37,7.38e-07,97.1,3.79385,13.235496145071856,641.5929203539823,2.4787999999999997,267.0,100.0,100.0,98.5|0.0|0.0|0.0|1.5|0.0
212,191.0,98.5,0.0,0.0,0.0,1.5,0.0,2.08,1700.0,6.5,41.88,14.32,7.38e-07,97.1,3.79385,4.9589753410128745,1612.903225806452,1.1612999999999996,634.0,100.0,100.0,98.5|0.0|0.0|0.0|1.5|0.0
213,192.0,98.5,0.0,0.0,0.0,1.5,0.0,4.07,2100.0,6.5,41.88,13.61,7.38e-07,97.1,3.79385,8.890498699832694,891.6666666666667,1.2753,462.0,100.0,100.0,98.5|0.0|0.0|0.0|1.5|0.0
214,193.0,98.5,0.0,0.0,0.0,1.5,0.0,5.96,2500.0,6.5,41.88,14.95,7.38e-07,97.1,3.79385,11.363653772500957,700.5649717514124,1.5642999999999996,429.0,100.0,100.0,98.5|0.0|0.0|0.0|1.5|0.0
215,194.0,98.5,0.0,0.0,0.0,1.5,0.0,6.85,2900.0,6.5,41.88,15.96,7.38e-07,97.1,3.79385,12.193249843916412,688.1188118811881,1.8022999999999998,416.0,100.0,100.0,98.5|0.0|0.0|0.0|1.5|0.0
216,195.0,98.5,0.0,0.0,0.0,1.5,0.0,8.0,3300.0,6.5,41.88,15.92,7.38e-07,97.1,3.79385,13.407123707391804,634.0425531914893,2.3332999999999995,254.0,100.0,100.0,98.5|0.0|0.0|0.0|1.5|0.0
217,196.0,98.5,0.0,0.0,0.0,1.5,0.0,2.04,1700.0,7.5,41.88,14.4,7.38e-07,97.1,3.79385,5.031794219028093,1616.666666666667,1.0372999999999994,597.0,100.0,100.0,98.5|0.0|0.0|0.0|1.5|0.0
218,197.0,98.5,0.0,0.0,0.0,1.5,0.0,4.02,2100.0,7.5,41.88,14.29,7.38e-07,97.1,3.79385,9.498914847440316,891.6666666666667,1.1513,388.0,100.0,100.0,98.5|0.0|0.0|0.0|1.5|0.0
219,198.0,98.5,0.0,0.0,0.0,1.5,0.0,5.99,2500.0,7.5,41.88,14.95,7.38e-07,97.1,3.79385,11.726306535287769,696.6292134831461,1.4402999999999995,365.0,100.0,100.0,98.5|0.0|0.0|0.0|1.5|0.0
220,199.0,98.5,0.0,0.0,0.0,1.5,0.0,6.99,2900.0,7.5,41.88,15.1,7.38e-07,97.1,3.79385,12.230984814764977,682.6923076923076,1.6782999999999992,311.0,100.0,100.0,98.5|0.0|0.0|0.0|1.5|0.0
221,200.0,98.5,0.0,0.0,0.0,1.5,0.0,8.0,3300.0,7.5,41.88,15.11,7.38e-07,97.1,3.79385,13.365307614637373,629.7872340425532,2.2093,245.0,100.0,100.0,98.5|0.0|0.0|0.0|1.5|0.0
222,201.0,97.5,0.0,0.0,0.0,2.5,0.0,1.97,1700.0,4.67,41.776,14.95,7.68e-07,97.1,4.00975,4.981682344659883,1762.71186440678,1.2590999999999999,625.0,100.0,100.0,97.5|0.0|0.0|0.0|2.5|0.0
223,202.0,97.5,0.0,0.0,0.0,2.5,0.0,3.96,2100.0,4.67,41.776,14.68,7.68e-07,97.1,4.00975,9.164401242355265,940.6779661016951,1.4730999999999999,460.0,100.0,100.0,97.5|0.0|0.0|0.0|2.5|0.0
224,203.0,97.5,0.0,0.0,0.0,2.5,0.0,5.95,2500.0,4.67,41.776,14.08,7.68e-07,97.1,4.00975,11.37044858258143,764.0449438202248,1.762,464.0,100.0,100.0,97.5|0.0|0.0|0.0|2.5|0.0
225,204.0,97.5,0.0,0.0,0.0,2.5,0.0,7.02,2900.0,4.67,41.776,15.1,7.68e-07,97.1,4.00975,11.35556554801254,760.0,1.9000999999999997,364.0,100.0,100.0,97.5|0.0|0.0|0.0|2.5|0.0
226,205.0,97.5,0.0,0.0,0.0,2.5,0.0,7.93,3300.0,4.67,41.776,17.15,7.68e-07,97.1,4.00975,13.212735622987111,665.0485436893205,2.4311000000000003,318.0,100.0,100.0,97.5|0.0|0.0|0.0|2.5|0.0
227,206.0,97.5,0.0,0.0,0.0,2.5,0.0,2.04,1700.0,5.5,41.776,22.25,7.68e-07,97.1,4.00975,5.047689280387495,1750.0,1.1312999999999998,612.0,100.0,100.0,97.5|0.0|0.0|0.0|2.5|0.0
228,207.0,97.5,0.0,0.0,0.0,2.5,0.0,3.94,2100.0,5.5,41.776,21.62,7.68e-07,97.1,4.00975,9.164490662009424,940.1709401709403,1.3452999999999997,432.0,100.0,100.0,97.5|0.0|0.0|0.0|2.5|0.0
229,208.0,97.5,0.0,0.0,0.0,2.5,0.0,5.98,2500.0,5.5,41.776,15.63,7.68e-07,97.1,4.00975,11.455762753276671,764.0449438202248,1.634,405.0,100.0,100.0,97.5|0.0|0.0|0.0|2.5|0.0
230,209.0,97.5,0.0,0.0,0.0,2.5,0.0,7.04,2900.0,5.5,41.776,16.9,7.68e-07,97.1,4.00975,12.293925393943017,721.1538461538462,1.7723,307.0,100.0,100.0,97.5|0.0|0.0|0.0|2.5|0.0
231,210.0,97.5,0.0,0.0,0.0,2.5,0.0,8.02,3300.0,5.5,41.776,14.65,7.68e-07,97.1,4.00975,13.359983460578583,650.9433962264151,2.3032999999999997,240.0,100.0,100.0,97.5|0.0|0.0|0.0|2.5|0.0
232,211.0,97.5,0.0,0.0,0.0,2.5,0.0,2.0,1700.0,6.5,41.776,19.93,7.68e-07,97.1,4.00975,5.152707726138327,1733.333333333333,1.025,596.0,100.0,100.0,97.5|0.0|0.0|0.0|2.5|0.0
233,212.0,97.5,0.0,0.0,0.0,2.5,0.0,3.94,2100.0,6.5,41.776,15.88,7.68e-07,97.1,4.00975,9.533693448706456,966.1016949152543,1.1997999999999995,419.0,100.0,100.0,97.5|0.0|0.0|0.0|2.5|0.0
234,213.0,97.5,0.0,0.0,0.0,2.5,0.0,5.97,2500.0,6.5,41.776,12.73,7.68e-07,97.1,4.00975,11.902136834177531,758.4269662921349,1.3887999999999996,365.0,100.0,100.0,97.5|0.0|0.0|0.0|2.5|0.0
235,214.0,97.5,0.0,0.0,0.0,2.5,0.0,6.94,2900.0,6.5,41.776,14.3,7.68e-07,97.1,4.00975,12.269189879829836,705.3140096618358,1.6267999999999998,360.0,100.0,100.0,97.5|0.0|0.0|0.0|2.5|0.0
236,215.0,97.5,0.0,0.0,0.0,2.5,0.0,7.96,3300.0,6.5,41.776,15.92,7.68e-07,97.1,4.00975,13.417247753577865,642.8571428571429,2.1577999999999995,228.0,100.0,100.0,97.5|0.0|0.0|0.0|2.5|0.0
237,216.0,97.5,0.0,0.0,0.0,2.5,0.0,2.02,1700.0,7.5,41.776,14.07,7.68e-07,97.1,4.00975,5.356550725143545,1700.0,0.8617999999999995,562.0,100.0,100.0,97.5|0.0|0.0|0.0|2.5|0.0
238,217.0,97.5,0.0,0.0,0.0,2.5,0.0,3.97,2100.0,7.5,41.776,13.73,7.68e-07,97.1,4.00975,9.635406667946503,907.5630252100841,0.911,342.0,100.0,100.0,97.5|0.0|0.0|0.0|2.5|0.0
239,218.0,97.5,0.0,0.0,0.0,2.5,0.0,5.99,2500.0,7.5,41.776,14.09,7.68e-07,97.1,4.00975,11.988018033691686,733.3333333333334,1.2647999999999995,316.0,100.0,100.0,97.5|0.0|0.0|0.0|2.5|0.0
242,221.0,96.5,0.0,0.0,0.0,3.5,0.0,2.09,1700.0,4.67,41.672,14.46,7.98e-07,97.1,4.22565,4.277635486521819,1741.935483870968,2.1803999999999997,835.0,100.0,100.0,96.5|0.0|0.0|0.0|3.5|0.0
243,222.0,96.5,0.0,0.0,0.0,3.5,0.0,3.99,2100.0,4.67,41.672,14.01,7.98e-07,97.1,4.22565,7.681414990663369,941.1764705882354,2.3944,628.0,100.0,100.0,96.5|0.0|0.0|0.0|3.5|0.0
244,223.0,96.5,0.0,0.0,0.0,3.5,0.0,6.02,2500.0,4.67,41.672,15.26,7.98e-07,97.1,4.22565,10.172989867303786,758.4269662921349,2.5834,550.0,100.0,100.0,96.5|0.0|0.0|0.0|3.5|0.0
245,224.0,96.5,0.0,0.0,0.0,3.5,0.0,7.04,2900.0,4.67,41.672,15.32,7.98e-07,97.1,4.22565,11.212111778139931,760.2040816326531,2.921,403.0,100.0,100.0,96.5|0.0|0.0|0.0|3.5|0.0
246,225.0,96.5,0.0,0.0,0.0,3.5,0.0,8.0,3300.0,4.67,41.672,15.24,7.98e-07,97.1,4.22565,12.205762125263021,652.9680365296804,3.3524000000000003,388.0,100.0,100.0,96.5|0.0|0.0|0.0|3.5|0.0
247,226.0,96.5,0.0,0.0,0.0,3.5,0.0,2.03,1700.0,5.5,41.672,14.32,7.98e-07,97.1,4.22565,4.591312036110659,1704.918032786885,2.0526,825.0,100.0,100.0,96.5|0.0|0.0|0.0|3.5|0.0
248,227.0,96.5,0.0,0.0,0.0,3.5,0.0,4.02,2100.0,5.5,41.672,14.41,7.98e-07,97.1,4.22565,8.166576475082731,941.6666666666666,2.2665999999999995,617.0,100.0,100.0,96.5|0.0|0.0|0.0|3.5|0.0
249,228.0,96.5,0.0,0.0,0.0,3.5,0.0,5.87,2500.0,5.5,41.672,14.56,7.98e-07,97.1,4.22565,10.574213984902926,754.2857142857143,2.4555999999999996,540.0,100.0,100.0,96.5|0.0|0.0|0.0|3.5|0.0
250,229.0,96.5,0.0,0.0,0.0,3.5,0.0,6.9,2900.0,5.5,41.672,14.95,7.98e-07,97.1,4.22565,11.24894100128243,701.1494252873564,2.6936,385.0,100.0,100.0,96.5|0.0|0.0|0.0|3.5|0.0
251,230.0,96.5,0.0,0.0,0.0,3.5,0.0,8.0,3300.0,5.5,41.672,14.94,7.98e-07,97.1,4.22565,13.196389715623589,646.7661691542289,3.2245999999999997,375.0,100.0,100.0,96.5|0.0|0.0|0.0|3.5|0.0
252,231.0,96.5,0.0,0.0,0.0,3.5,0.0,1.99,1700.0,6.5,41.672,13.91,7.98e-07,97.1,4.22565,4.704412466465632,1677.966101694915,1.9070999999999996,790.0,100.0,100.0,96.5|0.0|0.0|0.0|3.5|0.0
253,232.0,96.5,0.0,0.0,0.0,3.5,0.0,4.01,2100.0,6.5,41.672,14.57,7.98e-07,97.1,4.22565,8.107390608985936,908.3333333333335,2.212,560.0,100.0,100.0,96.5|0.0|0.0|0.0|3.5|0.0
254,233.0,96.5,0.0,0.0,0.0,3.5,0.0,6.0,2500.0,6.5,41.672,14.95,7.98e-07,97.1,4.22565,10.555584138863756,726.2569832402235,2.3100999999999994,530.0,100.0,100.0,96.5|0.0|0.0|0.0|3.5|0.0
255,234.0,96.5,0.0,0.0,0.0,3.5,0.0,6.96,2900.0,6.5,41.672,15.32,7.98e-07,97.1,4.22565,11.96679372684816,704.1420118343195,2.5481,479.0,100.0,100.0,96.5|0.0|0.0|0.0|3.5|0.0
256,235.0,96.5,0.0,0.0,0.0,3.5,0.0,8.0,3300.0,6.5,41.672,15.32,7.98e-07,97.1,4.22565,13.140243662581744,642.4870466321244,3.0790999999999995,338.0,100.0,100.0,96.5|0.0|0.0|0.0|3.5|0.0
257,236.0,96.5,0.0,0.0,0.0,3.5,0.0,2.06,1700.0,7.5,41.672,14.4,7.98e-07,97.1,4.22565,4.704412466465632,1622.950819672131,1.8831,740.0,100.0,100.0,96.5|0.0|0.0|0.0|3.5|0.0
258,237.0,96.5,0.0,0.0,0.0,3.5,0.0,4.01,2100.0,7.5,41.672,15.04,7.98e-07,97.1,4.22565,8.969141377713003,900.0000000000001,1.9970999999999994,533.524,100.0,100.0,96.5|0.0|0.0|0.0|3.5|0.0
259,238.0,96.5,0.0,0.0,0.0,3.5,0.0,6.02,2500.0,7.5,41.672,14.7,7.98e-07,97.1,4.22565,10.573221314438202,719.1011235955056,2.3861,470.0,100.0,100.0,96.5|0.0|0.0|0.0|3.5|0.0
260,239.0,96.5,0.0,0.0,0.0,3.5,0.0,6.95,2900.0,7.5,41.672,15.1,7.98e-07,97.1,4.22565,11.97059921267698,703.3492822966507,2.4240999999999993,435.0,100.0,100.0,96.5|0.0|0.0|0.0|3.5|0.0
261,240.0,96.5,0.0,0.0,0.0,3.5,0.0,8.0,3300.0,7.5,41.672,15.11,7.98e-07,97.1,4.22565,13.235462819556973,638.2978723404254,2.9551,325.0,100.0,100.0,96.5|0.0|0.0|0.0|3.5|0.0
262,241.0,95.0,0.0,0.0,0.0,5.0,0.0,1.96,1700.0,4.67,42.979,14.46,7.52e-07,96.0,1.0795,4.126173887349639,1948.275862068966,1.9171999999999998,750.0,100.0,100.0,95.0|0.0|0.0|0.0|5.0|0.0
263,242.0,95.0,0.0,0.0,0.0,5.0,0.0,3.97,2100.0,4.67,42.979,14.52,7.52e-07,96.0,1.0795,7.093871788393434,1093.220338983051,2.1311999999999998,565.0,100.0,100.0,95.0|0.0|0.0|0.0|5.0|0.0
264,243.0,95.0,0.0,0.0,0.0,5.0,0.0,5.98,2500.0,4.67,42.979,13.87,7.52e-07,96.0,1.0795,9.886202531837915,824.8587570621469,2.3202,530.0,100.0,100.0,95.0|0.0|0.0|0.0|5.0|0.0
265,244.0,95.0,0.0,0.0,0.0,5.0,0.0,7.08,2900.0,4.67,42.979,15.26,7.52e-07,96.0,1.0795,11.105915675301132,747.3684210526316,2.5582,316.0,100.0,100.0,95.0|0.0|0.0|0.0|5.0|0.0
266,245.0,95.0,0.0,0.0,0.0,5.0,0.0,7.94,3300.0,4.67,42.979,16.39,7.52e-07,96.0,1.0795,12.122673931789494,685.8638743455498,3.0892,377.0,100.0,100.0,95.0|0.0|0.0|0.0|5.0|0.0
267,246.0,95.0,0.0,0.0,0.0,5.0,0.0,2.02,1700.0,5.5,42.979,13.87,7.52e-07,96.0,1.0795,4.293136351059337,1830.508474576272,1.7893999999999997,740.0,100.0,100.0,95.0|0.0|0.0|0.0|5.0|0.0
268,247.0,95.0,0.0,0.0,0.0,5.0,0.0,4.06,2100.0,5.5,42.979,13.5,7.52e-07,96.0,1.0795,7.636234587599527,1024.793388429752,1.942,570.0,100.0,100.0,95.0|0.0|0.0|0.0|5.0|0.0
269,248.0,95.0,0.0,0.0,0.0,5.0,0.0,5.9,2500.0,5.5,42.979,13.98,7.52e-07,96.0,1.0795,10.429900778951605,790.960451977401,2.1923999999999997,515.0,100.0,100.0,95.0|0.0|0.0|0.0|5.0|0.0
270,249.0,95.0,0.0,0.0,0.0,5.0,0.0,6.91,2900.0,5.5,42.979,14.3,7.52e-07,96.0,1.0795,11.024643266227057,746.3414634146343,2.4303999999999997,340.0,100.0,100.0,95.0|0.0|0.0|0.0|5.0|0.0
271,250.0,95.0,0.0,0.0,0.0,5.0,0.0,7.9,3300.0,5.5,42.979,14.65,7.52e-07,96.0,1.0795,12.887420526624533,635.9223300970874,2.9614,340.0,100.0,100.0,95.0|0.0|0.0|0.0|5.0|0.0
272,251.0,95.0,0.0,0.0,0.0,5.0,0.0,2.0,1700.0,6.5,42.979,13.57,7.52e-07,96.0,1.0795,4.566226792191275,1766.666666666667,1.6438999999999995,722.0,100.0,100.0,95.0|0.0|0.0|0.0|5.0|0.0
273,252.0,95.0,0.0,0.0,0.0,5.0,0.0,3.96,2100.0,6.5,42.979,13.61,7.52e-07,96.0,1.0795,7.858293887146477,1033.898305084746,1.6579,535.0,100.0,100.0,95.0|0.0|0.0|0.0|5.0|0.0
274,253.0,95.0,0.0,0.0,0.0,5.0,0.0,5.98,2500.0,6.5,42.979,14.09,7.52e-07,96.0,1.0795,10.40351763446554,793.2960893854748,2.0468999999999995,510.0,100.0,100.0,95.0|0.0|0.0|0.0|5.0|0.0
275,254.0,95.0,0.0,0.0,0.0,5.0,0.0,6.93,2900.0,6.5,42.979,13.87,7.52e-07,96.0,1.0795,11.353939148973026,700.4830917874397,2.2848999999999995,457.0,100.0,100.0,95.0|0.0|0.0|0.0|5.0|0.0
276,255.0,95.0,0.0,0.0,0.0,5.0,0.0,7.97,3300.0,6.5,42.979,14.08,7.52e-07,96.0,1.0795,12.891454722676166,637.6146788990825,2.8158999999999996,290.0,100.0,100.0,95.0|0.0|0.0|0.0|5.0|0.0
277,256.0,95.0,0.0,0.0,0.0,5.0,0.0,2.0,1700.0,7.5,42.979,13.56,7.52e-07,96.0,1.0795,4.634650281487025,1766.666666666667,1.5198999999999994,690.0,100.0,100.0,95.0|0.0|0.0|0.0|5.0|0.0
278,257.0,95.0,0.0,0.0,0.0,5.0,0.0,3.95,2100.0,7.5,42.979,13.63,7.52e-07,96.0,1.0795,7.886565841537519,932.2033898305085,1.8339,478.0,100.0,100.0,95.0|0.0|0.0|0.0|5.0|0.0
279,258.0,95.0,0.0,0.0,0.0,5.0,0.0,5.99,2500.0,7.5,42.979,14.09,7.52e-07,96.0,1.0795,10.647745019594847,793.2960893854748,1.9228999999999994,437.0,100.0,100.0,95.0|0.0|0.0|0.0|5.0|0.0
280,259.0,95.0,0.0,0.0,0.0,5.0,0.0,6.98,2900.0,7.5,42.979,13.85,7.52e-07,96.0,1.0795,11.716293749116772,698.5645933014354,2.1608999999999994,390.0,100.0,100.0,95.0|0.0|0.0|0.0|5.0|0.0
281,260.0,95.0,0.0,0.0,0.0,5.0,0.0,7.97,3300.0,7.5,42.979,14.08,7.52e-07,96.0,1.0795,13.012606122974015,633.0275229357796,2.6918999999999995,285.0,100.0,100.0,95.0|0.0|0.0|0.0|5.0|0.0
282,261.0,90.0,0.0,0.0,0.0,10.0,0.0,1.99,1700.0,4.67,42.458,14.16,9.039999999999999e-07,96.0,2.159,5.72,2050.847457627119,1.6250999999999998,837.0,100.0,100.0,90.0|0.0|0.0|0.0|10.0|0.0
283,262.0,90.0,0.0,0.0,0.0,10.0,0.0,3.98,2100.0,4.67,42.458,15.69,9.039999999999999e-07,96.0,2.159,9.41,1191.666666666667,1.8390999999999997,629.0,100.0,100.0,90.0|0.0|0.0|0.0|10.0|0.0
284,263.0,90.0,0.0,0.0,0.0,10.0,0.0,6.01,2500.0,4.67,42.458,14.65,9.039999999999999e-07,96.0,2.159,11.6,856.3535911602211,2.128,551.0,100.0,100.0,90.0|0.0|0.0|0.0|10.0|0.0
285,264.0,90.0,0.0,0.0,0.0,10.0,0.0,7.0,2900.0,4.67,42.458,14.95,9.039999999999999e-07,96.0,2.159,11.959200259433471,763.5467980295567,2.2661,409.0,100.0,100.0,90.0|0.0|0.0|0.0|10.0|0.0
286,265.0,90.0,0.0,0.0,0.0,10.0,0.0,8.0,3300.0,4.67,42.458,14.52,9.039999999999999e-07,96.0,2.159,13.35,700.0,2.7971000000000004,389.0,100.0,100.0,90.0|0.0|0.0|0.0|10.0|0.0
287,266.0,90.0,0.0,0.0,0.0,10.0,0.0,2.01,1700.0,5.5,42.458,15.5,9.039999999999999e-07,96.0,2.159,5.73,1983.333333333333,1.4912999999999996,827.0,100.0,100.0,90.0|0.0|0.0|0.0|10.0|0.0
288,267.0,90.0,0.0,0.0,0.0,10.0,0.0,4.0,2100.0,5.5,42.458,14.85,9.039999999999999e-07,96.0,2.159,9.45,1108.333333333333,1.7052999999999996,618.0,100.0,100.0,90.0|0.0|0.0|0.0|10.0|0.0
289,268.0,90.0,0.0,0.0,0.0,10.0,0.0,6.0,2500.0,5.5,42.458,14.75,9.039999999999999e-07,96.0,2.159,12.214047784514367,812.5,1.8942999999999994,542.0,100.0,100.0,90.0|0.0|0.0|0.0|10.0|0.0
290,269.0,90.0,0.0,0.0,0.0,10.0,0.0,7.03,2900.0,5.5,42.458,14.52,9.039999999999999e-07,96.0,2.159,12.444645419148607,770.7317073170733,2.1323,392.0,100.0,100.0,90.0|0.0|0.0|0.0|10.0|0.0
291,270.0,90.0,0.0,0.0,0.0,10.0,0.0,7.95,3300.0,5.5,42.458,14.65,9.039999999999999e-07,96.0,2.159,13.41,658.7677725118484,2.6632999999999996,377.0,100.0,100.0,90.0|0.0|0.0|0.0|10.0|0.0
292,271.0,90.0,0.0,0.0,0.0,10.0,0.0,2.01,1700.0,6.5,42.458,14.32,9.039999999999999e-07,96.0,2.159,5.74,1866.666666666667,1.3547999999999996,796.0,100.0,100.0,90.0|0.0|0.0|0.0|10.0|0.0
293,272.0,90.0,0.0,0.0,0.0,10.0,0.0,3.98,2100.0,6.5,42.458,14.85,9.039999999999999e-07,96.0,2.159,9.56,1075.0,1.4688,575.0,100.0,100.0,90.0|0.0|0.0|0.0|10.0|0.0
294,273.0,90.0,0.0,0.0,0.0,10.0,0.0,6.0,2500.0,6.5,42.458,19.1,9.039999999999999e-07,96.0,2.159,12.266127292924624,814.6067415730337,1.7577999999999996,535.0,100.0,100.0,90.0|0.0|0.0|0.0|10.0|0.0
295,274.0,90.0,0.0,0.0,0.0,10.0,0.0,6.98,2900.0,6.5,42.458,14.65,9.039999999999999e-07,96.0,2.159,12.464582076123211,745.1923076923077,1.9957999999999998,489.0,100.0,100.0,90.0|0.0|0.0|0.0|10.0|0.0
296,275.0,90.0,0.0,0.0,0.0,10.0,0.0,8.05,3300.0,6.5,42.458,15.54,9.039999999999999e-07,96.0,2.159,13.51,658.2278481012657,2.5267999999999993,340.0,100.0,100.0,90.0|0.0|0.0|0.0|10.0|0.0
297,276.0,90.0,0.0,0.0,0.0,10.0,0.0,2.01,1700.0,7.5,42.458,13.6,9.039999999999999e-07,96.0,2.159,5.76,1816.666666666667,1.2347999999999995,748.0,100.0,100.0,90.0|0.0|0.0|0.0|10.0|0.0
298,277.0,90.0,0.0,0.0,0.0,10.0,0.0,3.98,2100.0,7.5,42.458,15.26,9.039999999999999e-07,96.0,2.159,9.670812464553029,1075.630252100841,1.3488,552.0,100.0,100.0,90.0|0.0|0.0|0.0|10.0|0.0
299,278.0,90.0,0.0,0.0,0.0,10.0,0.0,6.02,2500.0,7.5,42.458,15.03,9.039999999999999e-07,96.0,2.159,12.364817642642672,794.4444444444443,1.7378,480.0,100.0,100.0,90.0|0.0|0.0|0.0|10.0|0.0
300,279.0,90.0,0.0,0.0,0.0,10.0,0.0,7.0,2900.0,7.5,42.458,15.43,9.039999999999999e-07,96.0,2.159,14.368835650438372,724.6376811594204,1.8757999999999992,456.0,100.0,100.0,90.0|0.0|0.0|0.0|10.0|0.0
301,280.0,90.0,0.0,0.0,0.0,10.0,0.0,8.04,3300.0,7.5,42.458,15.32,9.039999999999999e-07,96.0,2.159,14.370658091240186,652.7196652719666,2.4067999999999996,335.0,100.0,100.0,90.0|0.0|0.0|0.0|10.0|0.0
302,281.0,98.5,0.0,1.5,0.0,0.0,0.0,2.05,1700.0,4.67,41.729,14.16,7.429999999999999e-07,97.07,3.74225,4.326170566620163,1511.299934458889,1.4566,777.0,100.0,100.0,98.5|0.0|1.5|0.0|0.0|0.0
303,282.0,98.5,0.0,1.5,0.0,0.0,0.0,4.03,2100.0,4.67,41.729,14.27,7.429999999999999e-07,97.07,3.74225,7.956818732230357,916.1894231309664,1.6705999999999999,595.0,100.0,100.0,98.5|0.0|1.5|0.0|0.0|0.0
304,283.0,98.5,0.0,1.5,0.0,0.0,0.0,5.99,2500.0,4.67,41.729,14.65,7.429999999999999e-07,97.07,3.74225,10.176808751395361,742.3737947000678,1.9595,539.0,100.0,100.0,98.5|0.0|1.5|0.0|0.0|0.0
305,284.0,98.5,0.0,1.5,0.0,0.0,0.0,7.04,2900.0,4.67,41.729,16.17,7.429999999999999e-07,97.07,3.74225,11.283165359876545,720.2072538860103,2.0975999999999995,305.0,100.0,100.0,98.5|0.0|1.5|0.0|0.0|0.0
306,285.0,98.5,0.0,1.5,0.0,0.0,0.0,8.0,3300.0,4.67,41.729,16.17,7.429999999999999e-07,97.07,3.74225,12.57638522416876,644.8786969011736,2.6286,380.0,100.0,100.0,98.5|0.0|1.5|0.0|0.0|0.0
307,286.0,98.5,0.0,1.5,0.0,0.0,0.0,1.99,1700.0,5.5,41.729,14.64,7.429999999999999e-07,97.07,3.74225,4.776271522662808,1502.640008662225,1.3197999999999996,770.0,100.0,100.0,98.5|0.0|1.5|0.0|0.0|0.0
308,287.0,98.5,0.0,1.5,0.0,0.0,0.0,3.98,2100.0,5.5,41.729,15.13,7.429999999999999e-07,97.07,3.74225,8.448592173572534,916.2341156837056,1.5337999999999996,580.0,100.0,100.0,98.5|0.0|1.5|0.0|0.0|0.0
309,288.0,98.5,0.0,1.5,0.0,0.0,0.0,6.1,2500.0,5.5,41.729,14.56,7.429999999999999e-07,97.07,3.74225,12.06450171144937,707.8651685393259,1.7227999999999994,518.0,100.0,100.0,98.5|0.0|1.5|0.0|0.0|0.0
310,289.0,98.5,0.0,1.5,0.0,0.0,0.0,7.0,2900.0,5.5,41.729,16.17,7.429999999999999e-07,97.07,3.74225,11.409528675267975,693.467336683417,1.9607999999999999,350.0,100.0,100.0,98.5|0.0|1.5|0.0|0.0|0.0
311,290.0,98.5,0.0,1.5,0.0,0.0,0.0,7.98,3300.0,5.5,41.729,15.49,7.429999999999999e-07,97.07,3.74225,12.789431603671867,643.7679803914813,2.4917999999999996,351.0,100.0,100.0,98.5|0.0|1.5|0.0|0.0|0.0
312,291.0,98.5,0.0,1.5,0.0,0.0,0.0,2.03,1700.0,6.5,41.729,14.73,7.429999999999999e-07,97.07,3.74225,5.052203645444151,1515.277395886834,1.1752999999999996,740.0,100.0,100.0,98.5|0.0|1.5|0.0|0.0|0.0
313,292.0,98.5,0.0,1.5,0.0,0.0,0.0,3.97,2100.0,6.5,41.729,14.85,7.429999999999999e-07,97.07,3.74225,8.412783194604332,902.4921524292786,1.2893000000000001,537.0,100.0,100.0,98.5|0.0|1.5|0.0|0.0|0.0
314,293.0,98.5,0.0,1.5,0.0,0.0,0.0,5.95,2500.0,6.5,41.729,14.95,7.429999999999999e-07,97.07,3.74225,12.1369330618488,704.5454545454546,1.5782999999999996,515.0,100.0,100.0,98.5|0.0|1.5|0.0|0.0|0.0
315,294.0,98.5,0.0,1.5,0.0,0.0,0.0,7.06,2900.0,6.5,41.729,14.52,7.429999999999999e-07,97.07,3.74225,11.514678178560178,690.8212560386476,1.8162999999999998,458.0,100.0,100.0,98.5|0.0|1.5|0.0|0.0|0.0
316,295.0,98.5,0.0,1.5,0.0,0.0,0.0,8.0,3300.0,6.5,41.729,14.65,7.429999999999999e-07,97.07,3.74225,12.829223659459835,639.6090307880471,2.3472999999999993,315.0,100.0,100.0,98.5|0.0|1.5|0.0|0.0|0.0
317,296.0,98.5,0.0,1.5,0.0,0.0,0.0,2.15,1700.0,7.5,41.729,15.3,7.429999999999999e-07,97.07,3.74225,5.291227140913904,1497.450290555805,1.0532999999999995,710.0,100.0,100.0,98.5|0.0|1.5|0.0|0.0|0.0
318,297.0,98.5,0.0,1.5,0.0,0.0,0.0,4.08,2100.0,7.5,41.729,15.04,7.429999999999999e-07,97.07,3.74225,9.15633824298277,892.5619834710745,1.1673,489.0,100.0,100.0,98.5|0.0|1.5|0.0|0.0|0.0
319,298.0,98.5,0.0,1.5,0.0,0.0,0.0,5.99,2500.0,7.5,41.729,14.68,7.429999999999999e-07,97.07,3.74225,12.184190210031034,697.1428571428572,1.4562999999999995,440.0,100.0,100.0,98.5|0.0|1.5|0.0|0.0|0.0
320,299.0,98.5,0.0,1.5,0.0,0.0,0.0,7.05,2900.0,7.5,41.729,16.65,7.429999999999999e-07,97.07,3.74225,12.42611312191675,600.0000000000001,1.6942999999999993,395.0,100.0,100.0,98.5|0.0|1.5|0.0|0.0|0.0
321,300.0,98.5,0.0,1.5,0.0,0.0,0.0,8.0,3300.0,7.5,41.729,14.52,7.429999999999999e-07,97.07,3.74225,12.881469249864637,599.9999999999999,2.2253,295.0,100.0,100.0,98.5|0.0|1.5|0.0|0.0|0.0
322,301.0,97.5,0.0,2.5,0.0,0.0,0.0,2.06,1700.0,4.67,43.061,13.45,7.77e-07,97.05,3.92375,4.411125087755076,1918.032786885246,1.2771,697.6,100.0,100.0,97.5|0.0|2.5|0.0|0.0|0.0
323,302.0,97.5,0.0,2.5,0.0,0.0,0.0,4.03,2100.0,4.67,43.061,15.48,7.77e-07,97.05,3.92375,8.115577127429768,1050.0,1.4910999999999999,532.6,100.0,100.0,97.5|0.0|2.5|0.0|0.0|0.0
324,303.0,97.5,0.0,2.5,0.0,0.0,0.0,6.0,2500.0,4.67,43.061,15.26,7.77e-07,97.05,3.92375,10.623499720137687,820.2247191011236,1.78,496.6,100.0,100.0,97.5|0.0|2.5|0.0|0.0|0.0
325,304.0,97.5,0.0,2.5,0.0,0.0,0.0,7.15,2900.0,4.67,43.061,15.49,7.77e-07,97.05,3.92375,11.809586373554184,741.1167512690355,1.9180999999999997,353.6,100.0,100.0,97.5|0.0|2.5|0.0|0.0|0.0
326,305.0,97.5,0.0,2.5,0.0,0.0,0.0,8.0,3300.0,4.67,43.061,15.48,7.77e-07,97.05,3.92375,12.800679416714589,665.137614678899,2.4491,344.6,100.0,100.0,97.5|0.0|2.5|0.0|0.0|0.0
327,306.0,97.5,0.0,2.5,0.0,0.0,0.0,2.05,1700.0,5.5,43.061,14.32,7.77e-07,97.05,3.92375,4.860837142821048,1754.098360655738,1.1452999999999998,690.0,100.0,100.0,97.5|0.0|2.5|0.0|0.0|0.0
328,307.0,97.5,0.0,2.5,0.0,0.0,0.0,3.99,2100.0,5.5,43.061,14.29,7.77e-07,97.05,3.92375,8.54062639054191,991.4529914529915,1.3592999999999997,515.0,100.0,100.0,97.5|0.0|2.5|0.0|0.0|0.0
329,308.0,97.5,0.0,2.5,0.0,0.0,0.0,5.95,2500.0,5.5,43.061,16.1,7.77e-07,97.05,3.92375,12.168078267601999,693.1818181818181,1.648,500.0,100.0,100.0,97.5|0.0|2.5|0.0|0.0|0.0
330,309.0,97.5,0.0,2.5,0.0,0.0,0.0,7.0,2900.0,5.5,43.061,15.96,7.77e-07,97.05,3.92375,11.779555638974264,732.5581395348837,1.7863,319.0,100.0,100.0,97.5|0.0|2.5|0.0|0.0|0.0
331,310.0,97.5,0.0,2.5,0.0,0.0,0.0,8.0,3300.0,5.5,43.061,15.95,7.77e-07,97.05,3.92375,12.914589057827106,652.8497409326425,2.3172999999999995,296.0,100.0,100.0,97.5|0.0|2.5|0.0|0.0|0.0
332,311.0,97.5,0.0,2.5,0.0,0.0,0.0,2.07,1700.0,6.5,43.061,15.5,7.77e-07,97.05,3.92375,5.207943641183911,1645.161290322581,1.0459999999999998,648.0,100.0,100.0,97.5|0.0|2.5|0.0|0.0|0.0
333,312.0,97.5,0.0,2.5,0.0,0.0,0.0,4.02,2100.0,6.5,43.061,17.13,7.77e-07,97.05,3.92375,8.510635421235532,991.6666666666667,1.2207999999999994,495.0,100.0,100.0,97.5|0.0|2.5|0.0|0.0|0.0
334,313.0,97.5,0.0,2.5,0.0,0.0,0.0,5.81,2500.0,6.5,43.061,29.04,7.77e-07,97.05,3.92375,12.200832826431167,690.0584795321637,1.4097999999999995,475.0,100.0,100.0,97.5|0.0|2.5|0.0|0.0|0.0
335,314.0,97.5,0.0,2.5,0.0,0.0,0.0,7.0,2900.0,6.5,43.061,29.02,7.77e-07,97.05,3.92375,12.080939261100209,726.829268292683,1.6477999999999997,434.0,100.0,100.0,97.5|0.0|2.5|0.0|0.0|0.0
336,315.0,97.5,0.0,2.5,0.0,0.0,0.0,8.0,3300.0,6.5,43.061,29.0,7.77e-07,97.05,3.92375,12.93098585439651,652.1739130434783,2.1787999999999994,249.0,100.0,100.0,97.5|0.0|2.5|0.0|0.0|0.0
337,316.0,97.5,0.0,2.5,0.0,0.0,0.0,2.0,1700.0,7.5,43.061,13.91,7.77e-07,97.05,3.92375,5.334343295537956,1593.220338983051,0.8827999999999995,645.0,100.0,100.0,97.5|0.0|2.5|0.0|0.0|0.0
338,317.0,97.5,0.0,2.5,0.0,0.0,0.0,4.04,2100.0,7.5,43.061,15.04,7.77e-07,97.05,3.92375,9.11700926059371,909.8360655737706,0.932,445.0,100.0,100.0,97.5|0.0|2.5|0.0|0.0|0.0
339,318.0,97.5,0.0,2.5,0.0,0.0,0.0,5.98,2500.0,7.5,43.061,14.7,7.77e-07,97.05,3.92375,12.20316753293052,687.1508379888268,1.2857999999999994,414.0,100.0,100.0,97.5|0.0|2.5|0.0|0.0|0.0
342,321.0,96.5,0.0,3.5,0.0,0.0,0.0,2.06,1700.0,4.67,42.623,14.85,8.11e-07,97.03,4.10525,4.32245096509504,1918.032786885246,2.2163999999999997,685.0,100.0,100.0,96.5|0.0|3.5|0.0|0.0|0.0
343,322.0,96.5,0.0,3.5,0.0,0.0,0.0,3.99,2100.0,4.67,42.623,15.48,8.11e-07,97.03,4.10525,7.528327060125175,1042.372881355932,2.4304,509.0,100.0,100.0,96.5|0.0|3.5|0.0|0.0|0.0
344,323.0,96.5,0.0,3.5,0.0,0.0,0.0,6.0,2500.0,4.67,42.623,16.41,8.11e-07,97.03,4.10525,9.974389690967664,795.4545454545454,2.6194,500.0,100.0,100.0,96.5|0.0|3.5|0.0|0.0|0.0
345,324.0,96.5,0.0,3.5,0.0,0.0,0.0,7.02,2900.0,4.67,42.623,15.49,8.11e-07,97.03,4.10525,10.9498640747895,714.2857142857144,2.957,365.0,100.0,100.0,96.5|0.0|3.5|0.0|0.0|0.0
346,325.0,96.5,0.0,3.5,0.0,0.0,0.0,7.96,3300.0,4.67,42.623,16.41,8.11e-07,97.03,4.10525,12.498985801217039,658.2914572864322,3.3884000000000003,342.0,100.0,100.0,96.5|0.0|3.5|0.0|0.0|0.0
347,326.0,96.5,0.0,3.5,0.0,0.0,0.0,2.01,1700.0,5.5,42.623,15.5,8.11e-07,97.03,4.10525,4.381963532231996,1733.333333333333,2.0636,656.0,100.0,100.0,96.5|0.0|3.5|0.0|0.0|0.0
348,327.0,96.5,0.0,3.5,0.0,0.0,0.0,4.0,2100.0,5.5,42.623,15.8,8.11e-07,97.03,4.10525,7.6502609723544115,991.5966386554622,2.2775999999999996,480.0,100.0,100.0,96.5|0.0|3.5|0.0|0.0|0.0
349,328.0,96.5,0.0,3.5,0.0,0.0,0.0,6.01,2500.0,5.5,42.623,16.9,8.11e-07,97.03,4.10525,10.499714605429913,694.9152542372882,2.4665999999999997,463.0,100.0,100.0,96.5|0.0|3.5|0.0|0.0|0.0
350,329.0,96.5,0.0,3.5,0.0,0.0,0.0,7.0,2900.0,5.5,42.623,15.49,8.11e-07,97.03,4.10525,11.115464703188087,715.736040609137,2.7046,316.0,100.0,100.0,96.5|0.0|3.5|0.0|0.0|0.0
351,330.0,96.5,0.0,3.5,0.0,0.0,0.0,8.06,3300.0,5.5,42.623,16.17,8.11e-07,97.03,4.10525,12.596003447691789,653.8461538461538,3.2356,275.0,100.0,100.0,96.5|0.0|3.5|0.0|0.0|0.0
352,331.0,96.5,0.0,3.5,0.0,0.0,0.0,2.05,1700.0,6.5,42.623,15.17,8.11e-07,97.03,4.10525,4.648358299617099,1622.950819672131,1.9230999999999996,646.0,100.0,100.0,96.5|0.0|3.5|0.0|0.0|0.0
353,332.0,96.5,0.0,3.5,0.0,0.0,0.0,4.0,2100.0,6.5,42.623,16.1,8.11e-07,97.03,4.10525,7.954870235277468,991.5966386554622,2.228,472.0,100.0,100.0,96.5|0.0|3.5|0.0|0.0|0.0
354,333.0,96.5,0.0,3.5,0.0,0.0,0.0,5.99,2500.0,6.5,42.623,17.19,8.11e-07,97.03,4.10525,10.933362443419387,691.0112359550562,2.3260999999999994,451.0,100.0,100.0,96.5|0.0|3.5|0.0|0.0|0.0
355,334.0,96.5,0.0,3.5,0.0,0.0,0.0,7.06,2900.0,6.5,42.623,16.17,8.11e-07,97.03,4.10525,11.509521381851652,697.5609756097562,2.5641,435.0,100.0,100.0,96.5|0.0|3.5|0.0|0.0|0.0
356,335.0,96.5,0.0,3.5,0.0,0.0,0.0,8.03,3300.0,6.5,42.623,14.87,8.11e-07,97.03,4.10525,12.785115625110853,652.5821596244132,3.0950999999999995,260.0,100.0,100.0,96.5|0.0|3.5|0.0|0.0|0.0
357,336.0,96.5,0.0,3.5,0.0,0.0,0.0,2.08,1700.0,7.5,42.623,14.73,8.11e-07,97.03,4.10525,4.749011041458243,1580.645161290322,1.8951,610.0,100.0,100.0,96.5|0.0|3.5|0.0|0.0|0.0
358,337.0,96.5,0.0,3.5,0.0,0.0,0.0,4.05,2100.0,7.5,42.623,15.26,8.11e-07,97.03,4.10525,8.938826833588797,925.6198347107439,2.009099999999999,405.0,100.0,100.0,96.5|0.0|3.5|0.0|0.0|0.0
359,338.0,96.5,0.0,3.5,0.0,0.0,0.0,6.09,2500.0,7.5,42.623,16.53,8.11e-07,97.03,4.10525,10.889250508368729,691.0112359550562,2.3981,380.0,100.0,100.0,96.5|0.0|3.5|0.0|0.0|0.0
360,339.0,96.5,0.0,3.5,0.0,0.0,0.0,6.96,2900.0,7.5,42.623,15.92,8.11e-07,97.03,4.10525,12.022154358152447,655.3398058252427,2.4360999999999993,327.0,100.0,100.0,96.5|0.0|3.5|0.0|0.0|0.0
361,340.0,96.5,0.0,3.5,0.0,0.0,0.0,7.98,3300.0,7.5,42.623,14.65,8.11e-07,97.03,4.10525,12.842124585830586,650.9433962264151,2.9671,257.0,100.0,100.0,96.5|0.0|3.5|0.0|0.0|0.0
362,341.0,95.0,0.0,5.0,0.0,0.0,0.0,1.97,1700.0,4.67,41.905,13.87,7.699999999999999e-07,95.9,0.9075,4.340612174721879,1983.050847457627,1.9381999999999997,646.0,100.0,100.0,95.0|0.0|5.0|0.0|0.0|0.0
363,342.0,95.0,0.0,5.0,0.0,0.0,0.0,3.94,2100.0,4.67,41.905,13.5,7.699999999999999e-07,95.9,0.9075,7.345269695510028,1137.931034482759,2.1521999999999997,488.0,100.0,100.0,95.0|0.0|5.0|0.0|0.0|0.0
364,343.0,95.0,0.0,5.0,0.0,0.0,0.0,5.89,2500.0,4.67,41.905,14.2,7.699999999999999e-07,95.9,0.9075,9.725633481278528,862.0689655172414,2.3411999999999997,488.0,100.0,100.0,95.0|0.0|5.0|0.0|0.0|0.0
365,344.0,95.0,0.0,5.0,0.0,0.0,0.0,6.73,2900.0,4.67,41.905,15.26,7.699999999999999e-07,95.9,0.9075,10.970882936717263,783.0687830687831,2.5791999999999997,365.0,100.0,100.0,95.0|0.0|5.0|0.0|0.0|0.0
366,345.0,95.0,0.0,5.0,0.0,0.0,0.0,7.95,3300.0,4.67,41.905,17.17,7.699999999999999e-07,95.9,0.9075,12.412149920832116,687.5000000000001,3.1102,332.0,100.0,100.0,95.0|0.0|5.0|0.0|0.0|0.0
367,346.0,95.0,0.0,5.0,0.0,0.0,0.0,1.92,1700.0,5.5,41.905,13.91,7.699999999999999e-07,95.9,0.9075,4.354283590957671,1964.285714285714,1.8023999999999996,638.0,100.0,100.0,95.0|0.0|5.0|0.0|0.0|0.0
368,347.0,95.0,0.0,5.0,0.0,0.0,0.0,3.91,2100.0,5.5,41.905,13.88,7.699999999999999e-07,95.9,0.9075,7.497129044538691,1121.739130434783,1.9549999999999998,457.0,100.0,100.0,95.0|0.0|5.0|0.0|0.0|0.0
369,348.0,95.0,0.0,5.0,0.0,0.0,0.0,6.23,2500.0,5.5,41.905,14.32,7.699999999999999e-07,95.9,0.9075,10.342088194772852,817.6795580110497,2.2053999999999996,435.0,100.0,100.0,95.0|0.0|5.0|0.0|0.0|0.0
370,349.0,95.0,0.0,5.0,0.0,0.0,0.0,7.06,2900.0,5.5,41.905,14.08,7.699999999999999e-07,95.9,0.9075,11.025598879748198,771.1442786069654,2.4433999999999996,311.0,100.0,100.0,95.0|0.0|5.0|0.0|0.0|0.0
371,350.0,95.0,0.0,5.0,0.0,0.0,0.0,8.0,3300.0,5.5,41.905,14.65,7.699999999999999e-07,95.9,0.9075,12.504454136372521,680.9523809523808,2.9743999999999997,259.0,100.0,100.0,95.0|0.0|5.0|0.0|0.0|0.0
372,351.0,95.0,0.0,5.0,0.0,0.0,0.0,1.98,1700.0,6.5,41.905,13.91,7.699999999999999e-07,95.9,0.9075,4.697637346472277,1833.333333333333,1.6578999999999995,622.0,100.0,100.0,95.0|0.0|5.0|0.0|0.0|0.0
373,352.0,95.0,0.0,5.0,0.0,0.0,0.0,4.01,2100.0,6.5,41.905,13.61,7.699999999999999e-07,95.9,0.9075,7.61081986118895,1084.033613445378,1.6719,448.0,100.0,100.0,95.0|0.0|5.0|0.0|0.0|0.0
374,353.0,95.0,0.0,5.0,0.0,0.0,0.0,5.98,2500.0,6.5,41.905,14.7,7.699999999999999e-07,95.9,0.9075,10.789706168714707,787.7094972067038,2.0608999999999993,407.0,100.0,100.0,95.0|0.0|5.0|0.0|0.0|0.0
375,354.0,95.0,0.0,5.0,0.0,0.0,0.0,7.01,2900.0,6.5,41.905,14.65,7.699999999999999e-07,95.9,0.9075,11.442579324739734,747.5728155339806,2.2988999999999993,400.0,100.0,100.0,95.0|0.0|5.0|0.0|0.0|0.0
376,355.0,95.0,0.0,5.0,0.0,0.0,0.0,7.95,3300.0,6.5,41.905,15.26,7.699999999999999e-07,95.9,0.9075,12.622024535476003,672.7272727272726,2.8298999999999994,245.0,100.0,100.0,95.0|0.0|5.0|0.0|0.0|0.0
377,356.0,95.0,0.0,5.0,0.0,0.0,0.0,1.93,1700.0,7.5,41.905,13.29,7.699999999999999e-07,95.9,0.9075,4.678410476817823,1824.561403508772,1.5428999999999993,586.0,100.0,100.0,95.0|0.0|5.0|0.0|0.0|0.0
378,357.0,95.0,0.0,5.0,0.0,0.0,0.0,4.04,2100.0,7.5,41.905,14.46,7.699999999999999e-07,95.9,0.9075,8.719898605830165,959.0163934426229,1.8569,372.0,100.0,100.0,95.0|0.0|5.0|0.0|0.0|0.0
379,358.0,95.0,0.0,5.0,0.0,0.0,0.0,5.96,2500.0,7.5,41.905,14.13,7.699999999999999e-07,95.9,0.9075,10.608906737958833,787.7094972067038,1.9458999999999993,350.0,100.0,100.0,95.0|0.0|5.0|0.0|0.0|0.0
380,359.0,95.0,0.0,5.0,0.0,0.0,0.0,6.97,2900.0,7.5,41.905,14.56,7.699999999999999e-07,95.9,0.9075,11.596015693026617,714.975845410628,2.1838999999999995,295.0,100.0,100.0,95.0|0.0|5.0|0.0|0.0|0.0
381,360.0,95.0,0.0,5.0,0.0,0.0,0.0,7.96,3300.0,7.5,41.905,15.1,7.699999999999999e-07,95.9,0.9075,12.628932028431294,669.5278969957081,2.7148999999999996,232.0,100.0,100.0,95.0|0.0|5.0|0.0|0.0|0.0
382,361.0,90.0,0.0,10.0,0.0,0.0,0.0,1.99,1700.0,4.67,41.817,13.57,9.399999999999999e-07,95.8,1.815,4.055432890079403,2000.0,1.7072999999999998,693.0,100.0,100.0,90.0|0.0|10.0|0.0|0.0|0.0
383,362.0,90.0,0.0,10.0,0.0,0.0,0.0,4.01,2100.0,4.67,41.817,13.5,9.399999999999999e-07,95.8,1.815,7.0251524843508,1176.470588235294,1.9212999999999998,521.0,100.0,100.0,90.0|0.0|10.0|0.0|0.0|0.0
384,363.0,90.0,0.0,10.0,0.0,0.0,0.0,5.99,2500.0,4.67,41.817,14.2,9.399999999999999e-07,95.8,1.815,9.850248269519785,887.0056497175142,2.084,505.0,100.0,100.0,90.0|0.0|10.0|0.0|0.0|0.0
385,364.0,90.0,0.0,10.0,0.0,0.0,0.0,6.99,2900.0,4.67,41.817,14.65,9.399999999999999e-07,95.8,1.815,10.972648483171778,784.6153846153846,2.3482999999999996,366.0,100.0,100.0,90.0|0.0|10.0|0.0|0.0|0.0
386,365.0,90.0,0.0,10.0,0.0,0.0,0.0,8.01,3300.0,4.67,41.817,15.92,9.399999999999999e-07,95.8,1.815,12.080522086331298,692.6829268292684,2.8793,348.0,100.0,100.0,90.0|0.0|10.0|0.0|0.0|0.0
387,366.0,90.0,0.0,10.0,0.0,0.0,0.0,1.97,1700.0,5.5,41.817,13.57,9.399999999999999e-07,95.8,1.815,4.254990849979786,1983.050847457627,1.5770999999999997,669.0,100.0,100.0,90.0|0.0|10.0|0.0|0.0|0.0
388,367.0,90.0,0.0,10.0,0.0,0.0,0.0,3.98,2100.0,5.5,41.817,13.5,9.399999999999999e-07,95.8,1.815,7.588723368710832,1151.260504201681,1.7910999999999997,493.0,100.0,100.0,90.0|0.0|10.0|0.0|0.0|0.0
389,368.0,90.0,0.0,10.0,0.0,0.0,0.0,6.0,2500.0,5.5,41.817,14.32,9.399999999999999e-07,95.8,1.815,10.393116480947333,830.5084745762712,1.9324,477.0,100.0,100.0,90.0|0.0|10.0|0.0|0.0|0.0
390,369.0,90.0,0.0,10.0,0.0,0.0,0.0,7.02,2900.0,5.5,41.817,14.3,9.399999999999999e-07,95.8,1.815,10.997907976224212,782.1782178217823,2.2341,318.0,100.0,100.0,90.0|0.0|10.0|0.0|0.0|0.0
391,370.0,90.0,0.0,10.0,0.0,0.0,0.0,8.02,3300.0,5.5,41.817,15.26,9.399999999999999e-07,95.8,1.815,12.695820507481667,687.2037914691944,2.7490999999999994,285.0,100.0,100.0,90.0|0.0|10.0|0.0|0.0|0.0
392,371.0,90.0,0.0,10.0,0.0,0.0,0.0,1.98,1700.0,6.5,41.817,13.91,9.399999999999999e-07,95.8,1.815,4.450988849199079,1847.457627118644,1.4386399999999995,660.0,100.0,100.0,90.0|0.0|10.0|0.0|0.0|0.0
393,372.0,90.0,0.0,10.0,0.0,0.0,0.0,3.95,2100.0,6.5,41.817,14.29,9.399999999999999e-07,95.8,1.815,7.741222615517076,1127.118644067797,1.6987,485.0,100.0,100.0,90.0|0.0|10.0|0.0|0.0|0.0
394,373.0,90.0,0.0,10.0,0.0,0.0,0.0,5.93,2500.0,6.5,41.817,14.95,9.399999999999999e-07,95.8,1.815,10.442427425385155,799.9999999999999,1.8416399999999995,471.0,100.0,100.0,90.0|0.0|10.0|0.0|0.0|0.0
395,374.0,90.0,0.0,10.0,0.0,0.0,0.0,7.05,2900.0,6.5,41.817,14.08,9.399999999999999e-07,95.8,1.815,11.354659721086398,753.5545023696684,2.1058,451.0,100.0,100.0,90.0|0.0|10.0|0.0|0.0|0.0
396,375.0,90.0,0.0,10.0,0.0,0.0,0.0,7.92,3300.0,6.5,41.817,14.65,9.399999999999999e-07,95.8,1.815,12.7451878193688,681.8181818181818,2.6106399999999996,266.0,100.0,100.0,90.0|0.0|10.0|0.0|0.0|0.0
397,376.0,90.0,0.0,10.0,0.0,0.0,0.0,1.99,1700.0,7.5,41.817,13.6,9.399999999999999e-07,95.8,1.815,4.5622441338404744,1833.333333333333,1.3190099999999993,624.0,100.0,100.0,90.0|0.0|10.0|0.0|0.0|0.0
398,377.0,90.0,0.0,10.0,0.0,0.0,0.0,3.97,2100.0,7.5,41.817,14.46,9.399999999999999e-07,95.8,1.815,7.784345876003106,983.1932773109244,1.5436,421.0,100.0,100.0,90.0|0.0|10.0|0.0|0.0|0.0
399,378.0,90.0,0.0,10.0,0.0,0.0,0.0,6.06,2500.0,7.5,41.817,14.09,9.399999999999999e-07,95.8,1.815,10.553934178953673,812.1546961325967,1.6987,406.0,100.0,100.0,90.0|0.0|10.0|0.0|0.0|0.0
400,379.0,90.0,0.0,10.0,0.0,0.0,0.0,6.96,2900.0,7.5,41.817,13.98,9.399999999999999e-07,95.8,1.815,11.612890601219311,742.7184466019418,1.9600099999999991,342.0,100.0,100.0,90.0|0.0|10.0|0.0|0.0|0.0
401,380.0,90.0,0.0,10.0,0.0,0.0,0.0,7.98,3300.0,7.5,41.817,14.3,9.399999999999999e-07,95.8,1.815,12.913929082493134,681.0344827586208,2.4910099999999997,261.0,100.0,100.0,90.0|0.0|10.0|0.0|0.0|0.0
502,481.0,80.0,10.0,2.5,2.5,2.5,2.5,2.01,1700.0,4.67,41.684,15.88,7.58e-07,97.53,4.2011,3.968132463002261,2183.333333333333,1.2557999999999998,631.0,100.0,100.0,80.0|10.0|2.5|2.5|2.5|2.5
503,482.0,80.0,10.0,2.5,2.5,2.5,2.5,4.05,2100.0,4.67,41.684,14.95,7.58e-07,97.53,4.2011,6.889952979560502,1250.0,1.495,466.0,100.0,100.0,80.0|10.0|2.5|2.5|2.5|2.5
504,483.0,80.0,10.0,2.5,2.5,2.5,2.5,6.0,2500.0,4.67,41.684,15.49,7.58e-07,97.53,4.2011,9.65686123629174,893.2584269662922,1.6588,465.0,100.0,100.0,80.0|10.0|2.5|2.5|2.5|2.5
505,484.0,80.0,10.0,2.5,2.5,2.5,2.5,6.97,2900.0,4.67,41.684,14.87,7.58e-07,97.53,4.2011,10.840919854759775,794.8717948717949,1.8967999999999996,364.0,100.0,100.0,80.0|10.0|2.5|2.5|2.5|2.5
506,485.0,80.0,10.0,2.5,2.5,2.5,2.5,8.01,3300.0,4.67,41.684,16.41,7.58e-07,97.53,4.2011,11.56260329036454,746.5437788018435,2.4278000000000004,321.0,100.0,100.0,80.0|10.0|2.5|2.5|2.5|2.5
507,486.0,80.0,10.0,2.5,2.5,2.5,2.5,2.05,1700.0,5.5,41.684,14.64,7.58e-07,97.53,4.2011,4.108385795230115,2114.754098360655,1.1735999999999998,618.0,100.0,100.0,80.0|10.0|2.5|2.5|2.5|2.5
508,487.0,80.0,10.0,2.5,2.5,2.5,2.5,4.06,2100.0,5.5,41.684,16.81,7.58e-07,97.53,4.2011,7.392456166806037,1166.666666666667,1.3875999999999997,439.0,100.0,100.0,80.0|10.0|2.5|2.5|2.5|2.5
509,488.0,80.0,10.0,2.5,2.5,2.5,2.5,6.01,2500.0,5.5,41.684,16.14,7.58e-07,97.53,4.2011,10.156643710388662,848.314606741573,1.5765999999999996,412.0,100.0,100.0,80.0|10.0|2.5|2.5|2.5|2.5
510,489.0,80.0,10.0,2.5,2.5,2.5,2.5,7.09,2900.0,5.5,41.684,16.17,7.58e-07,97.53,4.2011,10.927678895705968,790.0,1.653,308.0,100.0,100.0,80.0|10.0|2.5|2.5|2.5|2.5
511,490.0,80.0,10.0,2.5,2.5,2.5,2.5,8.01,3300.0,5.5,41.684,15.73,7.58e-07,97.53,4.2011,11.607172397877576,744.2922374429224,2.3455999999999997,245.0,100.0,100.0,80.0|10.0|2.5|2.5|2.5|2.5
512,491.0,80.0,10.0,2.5,2.5,2.5,2.5,2.04,1700.0,6.5,41.684,13.57,7.58e-07,97.53,4.2011,4.199988484790327,2049.180327868852,1.0703399999999994,604.0,100.0,100.0,80.0|10.0|2.5|2.5|2.5|2.5
513,492.0,80.0,10.0,2.5,2.5,2.5,2.5,3.99,2100.0,6.5,41.684,13.61,7.58e-07,97.53,4.2011,7.55516802754415,1146.551724137931,1.2543,427.0,100.0,100.0,80.0|10.0|2.5|2.5|2.5|2.5
514,493.0,80.0,10.0,2.5,2.5,2.5,2.5,6.01,2500.0,6.5,41.684,15.63,7.58e-07,97.53,4.2011,10.292974498447572,837.0786516853932,1.4733399999999994,375.0,100.0,100.0,80.0|10.0|2.5|2.5|2.5|2.5
515,494.0,80.0,10.0,2.5,2.5,2.5,2.5,7.03,2900.0,6.5,41.684,14.79,7.58e-07,97.53,4.2011,11.091531199094797,779.9043062200957,1.7113399999999999,368.0,100.0,100.0,80.0|10.0|2.5|2.5|2.5|2.5
516,495.0,80.0,10.0,2.5,2.5,2.5,2.5,7.98,3300.0,6.5,41.684,15.73,7.58e-07,97.53,4.2011,12.212374938649726,707.2072072072071,2.2423399999999996,232.0,100.0,100.0,80.0|10.0|2.5|2.5|2.5|2.5
517,496.0,80.0,10.0,2.5,2.5,2.5,2.5,2.0,1700.0,7.5,41.684,16.51,7.58e-07,97.53,4.2011,4.255250642179134,2016.666666666667,0.9725599999999994,568.0,100.0,100.0,80.0|10.0|2.5|2.5|2.5|2.5
518,497.0,80.0,10.0,2.5,2.5,2.5,2.5,4.02,2100.0,7.5,41.684,16.81,7.58e-07,97.53,4.2011,7.639092725661419,1133.333333333333,1.1985,350.0,100.0,100.0,80.0|10.0|2.5|2.5|2.5|2.5
519,498.0,80.0,10.0,2.5,2.5,2.5,2.5,6.03,2500.0,7.5,41.684,14.7,7.58e-07,97.53,4.2011,10.360152995145967,832.4022346368714,1.4568,324.0,100.0,100.0,80.0|10.0|2.5|2.5|2.5|2.5
520,499.0,80.0,10.0,2.5,2.5,2.5,2.5,7.0,2900.0,7.5,41.684,15.92,7.58e-07,97.53,4.2011,11.24644902437567,768.1159420289856,1.6135599999999992,272.0,100.0,100.0,80.0|10.0|2.5|2.5|2.5|2.5
521,500.0,80.0,10.0,2.5,2.5,2.5,2.5,8.0,3300.0,7.5,41.684,15.26,7.58e-07,97.53,4.2011,12.34119869292269,700.4608294930877,2.14456,217.0,100.0,100.0,80.0|10.0|2.5|2.5|2.5|2.5
522,501.0,100.0,0.0,0.0,0.0,0.0,0.0,4.25,2900.0,9.7,43.0,14.7,5e-07,92.0,0.0,38.0,244.250229199599,4.1,450.0,100.0,100.0,100.0|0.0|0.0|0.0|0.0|0.0
523,502.0,100.0,0.0,0.0,0.0,0.0,0.0,6.25,3300.0,9.7,42.88,14.63,5.4e-07,93.2,0.0,37.0,560.391843594646,4.0136,438.36,100.0,100.0,100.0|0.0|0.0|0.0|0.0|0.0
524,503.0,95.0,5.0,0.0,0.0,0.0,0.0,4.25,2900.0,9.7,42.76,14.56,5.8e-07,94.4,0.0,34.0,191.924510695986,3.9272,426.72,100.0,100.0,95.0|5.0|0.0|0.0|0.0|0.0
525,504.0,95.0,5.0,0.0,0.0,0.0,0.0,6.25,3300.0,9.7,42.64,14.49,6.2e-07,95.6,0.0,33.8,498.639830404518,3.8408,415.08,100.0,100.0,95.0|5.0|0.0|0.0|0.0|0.0
526,505.0,90.0,10.0,0.0,0.0,0.0,0.0,4.25,2900.0,9.7,42.52,14.42,6.6e-07,96.8,0.0,31.1,187.503842539357,3.7544,403.44,100.0,100.0,90.0|10.0|0.0|0.0|0.0|0.0
527,506.0,90.0,10.0,0.0,0.0,0.0,0.0,6.25,3300.0,9.7,42.4,14.35,7e-07,98.0,0.0,33.8,442.797094491274,3.668,391.8,100.0,100.0,90.0|10.0|0.0|0.0|0.0|0.0
528,507.0,85.0,15.0,0.0,0.0,0.0,0.0,4.25,2900.0,9.7,42.28,14.28,7.4e-07,99.2,0.0,32.12,160.676306325283,3.5816,380.16,100.0,100.0,85.0|15.0|0.0|0.0|0.0|0.0
529,508.0,85.0,15.0,0.0,0.0,0.0,0.0,6.25,3300.0,9.7,42.16,14.21,7.8e-07,100.4,0.0,31.9,421.890010110297,3.4952,368.52,100.0,100.0,85.0|15.0|0.0|0.0|0.0|0.0
530,509.0,80.0,20.0,0.0,0.0,0.0,0.0,4.25,2900.0,9.7,42.04,14.14,8.2e-07,101.6,0.0,30.18,154.287817020393,3.4088,356.88,100.0,100.0,80.0|20.0|0.0|0.0|0.0|0.0
531,510.0,80.0,20.0,0.0,0.0,0.0,0.0,6.25,3300.0,9.7,41.92,14.07,8.6e-07,102.8,0.0,29.8,408.465240353419,3.3224,345.24,100.0,100.0,80.0|20.0|0.0|0.0|0.0|0.0
532,511.0,97.5,0.0,0.0,0.0,0.0,2.5,4.25,2900.0,9.7,41.8,14.0,9e-07,104.0,0.0,37.0,146.543021496845,3.236,333.6,100.0,100.0,97.5|0.0|0.0|0.0|0.0|2.5
533,512.0,97.5,0.0,0.0,0.0,0.0,2.5,6.25,3300.0,9.7,41.68,13.93,9.4e-07,105.2,0.0,36.8,367.727662240625,3.1496,321.96,100.0,100.0,97.5|0.0|0.0|0.0|0.0|2.5
534,513.0,95.0,0.0,0.0,0.0,0.0,5.0,4.25,2900.0,9.7,41.56,13.86,9.8e-07,106.4,0.0,36.25,144.452197745863,3.0632,310.32,100.0,100.0,95.0|0.0|0.0|0.0|0.0|5.0
535,514.0,95.0,0.0,0.0,0.0,0.0,5.0,6.25,3300.0,9.7,41.44,13.79,1.02e-06,107.6,0.0,37.5,362.2388909151,2.9768,298.68,100.0,100.0,95.0|0.0|0.0|0.0|0.0|5.0
536,515.0,87.5,10.0,0.0,0.0,0.0,2.5,4.25,2900.0,9.7,41.32,13.72,1.06e-06,108.8,0.0,37.21,138.37678464175,2.8904,287.04,100.0,100.0,87.5|10.0|0.0|0.0|0.0|2.5
537,516.0,87.5,10.0,0.0,0.0,0.0,2.5,6.25,3300.0,9.7,41.2,13.65,1.1e-06,110.0,0.0,38.98,373.318146941939,2.804,275.4,100.0,100.0,87.5|10.0|0.0|0.0|0.0|2.5
538,517.0,85.0,10.0,0.0,0.0,0.0,5.0,4.25,2900.0,9.7,41.08,13.58,1.14e-06,111.2,0.0,38.12,135.473827506087,2.7176,263.76,100.0,100.0,85.0|10.0|0.0|0.0|0.0|5.0
539,518.0,85.0,10.0,0.0,0.0,0.0,5.0,6.25,3300.0,9.7,40.96,13.51,1.18e-06,112.4,0.0,39.0,374.894651714125,2.6312,252.12,100.0,100.0,85.0|10.0|0.0|0.0|0.0|5.0
540,519.0,82.5,15.0,0.0,0.0,0.0,2.5,4.25,2900.0,9.7,40.84,13.44,1.22e-06,113.6,0.0,33.9,115.025871505452,2.5448,240.48,100.0,100.0,82.5|15.0|0.0|0.0|0.0|2.5
541,520.0,82.5,15.0,0.0,0.0,0.0,2.5,6.25,3300.0,9.7,40.72,13.37,1.26e-06,114.8,0.0,34.18,288.801968406497,2.4584,228.84,100.0,100.0,82.5|15.0|0.0|0.0|0.0|2.5
542,521.0,80.0,15.0,0.0,0.0,0.0,5.0,4.25,2900.0,9.7,40.6,13.3,1.3e-06,116.0,0.0,35.8,112.722034540653,2.372,217.2,100.0,100.0,80.0|15.0|0.0|0.0|0.0|5.0
543,522.0,80.0,15.0,0.0,0.0,0.0,5.0,6.25,3300.0,9.7,40.48,13.23,1.34e-06,117.2,0.0,37.0,280.914942047099,2.2856,205.56,100.0,100.0,80.0|15.0|0.0|0.0|0.0|5.0
544,523.0,77.5,20.0,0.0,0.0,0.0,2.5,4.25,2900.0,9.7,40.36,13.16,1.38e-06,118.4,0.0,35.8,106.311240574108,2.1992,193.92,100.0,100.0,77.5|20.0|0.0|0.0|0.0|2.5
545,524.0,77.5,20.0,0.0,0.0,0.0,2.5,6.25,3300.0,9.7,40.24,13.09,1.42e-06,119.6,0.0,36.25,263.197042655922,2.1128,182.28,100.0,100.0,77.5|20.0|0.0|0.0|0.0|2.5
546,525.0,75.0,20.0,0.0,0.0,0.0,5.0,4.25,2900.0,9.7,40.12,13.02,1.46e-06,120.8,0.0,35.5,104.546829796955,2.0264,170.64,100.0,100.0,75.0|20.0|0.0|0.0|0.0|5.0
547,526.0,75.0,20.0,0.0,0.0,0.0,5.0,6.25,3300.0,9.7,40.0,12.95,1.5e-06,122.0,0.0,34.9,256.715180782954,1.94,159.0,100.0,100.0,75.0|20.0|0.0|0.0|0.0|5.0
548,527.0,90.0,10.0,0.0,0.0,0.0,0.0,4.259323167090469,1700.0,9.7,33.0,11.5,2.9e-06,96.0,2.2,27.5171731998576,336.2834610012269,7.006030759171356,480.3836034373653,100.0,100.0,90.0|10.0|0.0|0.0|0.0|0.0
549,528.0,90.0,10.0,0.0,0.0,0.0,0.0,5.004909648522032,2100.0,9.7,33.0,11.5,2.9e-06,96.0,2.2,32.67384253743054,268.8029164167501,4.741984735273081,281.3383180435005,100.0,100.0,90.0|10.0|0.0|0.0|0.0|0.0
550,529.0,90.0,10.0,0.0,0.0,0.0,0.0,5.66763967219248,2500.0,9.7,33.0,11.5,2.9e-06,96.0,2.2,34.63771925136877,248.4423917025359,2.494768193547348,178.0069951175548,100.0,100.0,90.0|10.0|0.0|0.0|0.0|0.0
551,530.0,90.0,10.0,0.0,0.0,0.0,0.0,6.253821723442199,2900.0,9.7,33.0,11.5,2.9e-06,96.0,2.2,35.91209933578013,231.0917023264391,1.512244031442599,119.5428098516411,100.0,100.0,90.0|10.0|0.0|0.0|0.0|0.0
552,531.0,90.0,10.0,0.0,0.0,0.0,0.0,6.769346030495157,3300.0,9.7,33.0,11.5,2.9e-06,96.0,2.2,34.48996260396589,247.6185276628729,1.20301618951732,74.784582245872,100.0,100.0,90.0|10.0|0.0|0.0|0.0|0.0
553,532.0,91.65,5.0,0.0,0.0,3.35,0.0,4.259323167090469,1700.0,9.7,33.30454545454545,11.4644696969697,2.940606060606061e-06,96.4060606060606,2.271060606060606,27.27316980159812,333.4096224616165,7.090924217624111,480.2446841848685,100.0,100.0,91.6|5.0|0.0|0.0|3.4|0.0
554,533.0,91.65,5.0,0.0,0.0,3.35,0.0,5.004909648522032,2100.0,9.7,33.30454545454545,11.4644696969697,2.940606060606061e-06,96.4060606060606,2.271060606060606,32.47019820290321,269.2859903173165,4.788405592917912,274.9865669003371,100.0,100.0,91.6|5.0|0.0|0.0|3.4|0.0
555,534.0,91.65,5.0,0.0,0.0,3.35,0.0,5.66763967219248,2500.0,9.7,33.30454545454545,11.4644696969697,2.940606060606061e-06,96.4060606060606,2.271060606060606,34.23893950336061,252.2649363745576,2.450225928642607,180.0524273999051,100.0,100.0,91.6|5.0|0.0|0.0|3.4|0.0
556,535.0,91.65,5.0,0.0,0.0,3.35,0.0,6.253821723442199,2900.0,9.7,33.30454545454545,11.4644696969697,2.940606060606061e-06,96.4060606060606,2.271060606060606,36.26593780278802,230.1105717540974,1.62364900472791,120.6818910662706,100.0,100.0,91.6|5.0|0.0|0.0|3.4|0.0
557,536.0,91.65,5.0,0.0,0.0,3.35,0.0,6.769346030495157,3300.0,9.7,33.30454545454545,11.4644696969697,2.940606060606061e-06,96.4060606060606,2.271060606060606,34.92630050314823,241.8860030547848,1.241750270975682,79.86999805513092,100.0,100.0,91.6|5.0|0.0|0.0|3.4|0.0
558,537.0,92.5,2.5,0.0,0.0,5.0,0.0,4.259323167090469,1700.0,9.7,33.45454545454545,11.4469696969697,2.960606060606061e-06,96.60606060606061,2.306060606060606,27.02583221263563,335.7856179121126,7.011633597670687,474.5760503647757,100.0,100.0,92.5|2.5|0.0|0.0|5.0|0.0
559,538.0,92.5,2.5,0.0,0.0,5.0,0.0,5.004909648522032,2100.0,9.7,33.45454545454545,11.4469696969697,2.960606060606061e-06,96.60606060606061,2.306060606060606,32.70665304030536,271.8172876822513,4.972035929468604,287.1851318486327,100.0,100.0,92.5|2.5|0.0|0.0|5.0|0.0
560,539.0,92.5,2.5,0.0,0.0,5.0,0.0,5.66763967219248,2500.0,9.7,33.45454545454545,11.4469696969697,2.960606060606061e-06,96.60606060606061,2.306060606060606,34.54937315244737,250.7939253974244,2.64315982607362,178.958620418906,100.0,100.0,92.5|2.5|0.0|0.0|5.0|0.0
561,540.0,92.5,2.5,0.0,0.0,5.0,0.0,6.253821723442199,2900.0,9.7,33.45454545454545,11.4469696969697,2.960606060606061e-06,96.60606060606061,2.306060606060606,36.10446140383488,229.5150020774768,1.726623670871151,124.162217536596,100.0,100.0,92.5|2.5|0.0|0.0|5.0|0.0
562,541.0,92.5,2.5,0.0,0.0,5.0,0.0,6.769346030495157,3300.0,9.7,33.45454545454545,11.4469696969697,2.960606060606061e-06,96.60606060606061,2.306060606060606,34.43046558758203,243.129707887352,1.27188262844815,82.5937049604702,100.0,100.0,92.5|2.5|0.0|0.0|5.0|0.0
563,542.0,93.35,0.0,0.0,0.0,6.65,0.0,4.259323167090469,1700.0,9.7,33.60454545454545,11.4294696969697,2.980606060606061e-06,96.80606060606061,2.341060606060606,27.73158721546566,337.6762635485935,6.950752104086489,464.7819761305522,100.0,100.0,93.4|0.0|0.0|0.0|6.6|0.0
564,543.0,93.35,0.0,0.0,0.0,6.65,0.0,5.004909648522032,2100.0,9.7,33.60454545454545,11.4294696969697,2.980606060606061e-06,96.80606060606061,2.341060606060606,32.43067692410322,268.9532677515588,4.947384976400129,277.9126998587097,100.0,100.0,93.4|0.0|0.0|0.0|6.6|0.0
565,544.0,93.35,0.0,0.0,0.0,6.65,0.0,5.66763967219248,2500.0,9.7,33.60454545454545,11.4294696969697,2.980606060606061e-06,96.80606060606061,2.341060606060606,34.34340035546466,250.7784189229732,2.67453248941625,179.782477551744,100.0,100.0,93.4|0.0|0.0|0.0|6.6|0.0
566,545.0,93.35,0.0,0.0,0.0,6.65,0.0,6.253821723442199,2900.0,9.7,33.60454545454545,11.4294696969697,2.980606060606061e-06,96.80606060606061,2.341060606060606,36.08086335178728,227.8232578899789,1.705601709745652,132.4658738432139,100.0,100.0,93.4|0.0|0.0|0.0|6.6|0.0
567,546.0,93.35,0.0,0.0,0.0,6.65,0.0,6.769346030495157,3300.0,9.7,33.60454545454545,11.4294696969697,2.980606060606061e-06,96.80606060606061,2.341060606060606,34.67697788215801,246.3737160723044,1.31051594818864,86.04199512213515,100.0,100.0,93.4|0.0|0.0|0.0|6.6|0.0
568,547.0,80.0,20.0,0.0,0.0,0.0,0.0,4.259323167090469,1700.0,9.7,33.0,11.5,2.9e-06,96.0,2.2,28.96753159871804,329.3275063583808,6.031677386845889,463.2771096367795,100.0,100.0,80.0|20.0|0.0|0.0|0.0|0.0
569,548.0,80.0,20.0,0.0,0.0,0.0,0.0,5.004909648522032,2100.0,9.7,33.0,11.5,2.9e-06,96.0,2.2,34.43667440404249,257.542384875485,4.042403630622156,258.1816247100515,100.0,100.0,80.0|20.0|0.0|0.0|0.0|0.0
570,549.0,80.0,20.0,0.0,0.0,0.0,0.0,5.66763967219248,2500.0,9.7,33.0,11.5,2.9e-06,96.0,2.2,35.7454345550138,239.213037835212,2.016590912604336,158.8964377177929,100.0,100.0,80.0|20.0|0.0|0.0|0.0|0.0
571,550.0,80.0,20.0,0.0,0.0,0.0,0.0,6.253821723442199,2900.0,9.7,33.0,11.5,2.9e-06,96.0,2.2,36.94459220900497,226.0177239993932,1.264220706232883,102.1034470695939,100.0,100.0,80.0|20.0|0.0|0.0|0.0|0.0
572,551.0,80.0,20.0,0.0,0.0,0.0,0.0,6.769346030495157,3300.0,9.7,33.0,11.5,2.9e-06,96.0,2.2,35.62182535313612,243.3822921273071,1.091642749203254,69.22188358194467,100.0,100.0,80.0|20.0|0.0|0.0|0.0|0.0
573,552.0,83.39833983398341,10.001000100010003,0.0,0.0,6.6006600660066015,0.0,4.259323167090469,1700.0,9.7,33.6,11.43,2.98e-06,96.8,2.34,29.12588556456133,320.1627021030935,6.177199945121196,439.2404397296847,99.99,100.00000000000001,83.4|10.0|0.0|0.0|6.6|0.0
574,553.0,83.39833983398341,10.001000100010003,0.0,0.0,6.6006600660066015,0.0,5.004909648522032,2100.0,9.7,33.6,11.43,2.98e-06,96.8,2.34,35.14073160357504,257.7951082259373,4.030277100365339,255.2271586406801,99.99,100.00000000000001,83.4|10.0|0.0|0.0|6.6|0.0
575,554.0,83.39833983398341,10.001000100010003,0.0,0.0,6.6006600660066015,0.0,5.66763967219248,2500.0,9.7,33.6,11.43,2.98e-06,96.8,2.34,36.19000650979594,240.1702344394222,1.984924894236304,156.1904940149754,99.99,100.00000000000001,83.4|10.0|0.0|0.0|6.6|0.0
576,555.0,83.39833983398341,10.001000100010003,0.0,0.0,6.6006600660066015,0.0,6.253821723442199,2900.0,9.7,33.6,11.43,2.98e-06,96.8,2.34,37.71270225042677,222.5426919167042,1.283340410635082,98.54570932864141,99.99,100.00000000000001,83.4|10.0|0.0|0.0|6.6|0.0
577,556.0,83.39833983398341,10.001000100010003,0.0,0.0,6.6006600660066015,0.0,6.769346030495157,3300.0,9.7,33.6,11.43,2.98e-06,96.8,2.34,36.43325205765862,238.3266453153866,1.086069066282465,69.23158508188932,99.99,100.00000000000001,83.4|10.0|0.0|0.0|6.6|0.0
578,557.0,85.0,5.0,0.0,0.0,10.0,0.0,4.259323167090469,1700.0,9.7,33.90909090909091,11.39393939393939,3.021212121212121e-06,97.21212121212122,2.412121212121212,28.98361762161775,321.1874259670153,6.137992289189663,431.6240229349062,100.0,100.0,85.0|5.0|0.0|0.0|10.0|0.0
579,558.0,85.0,5.0,0.0,0.0,10.0,0.0,5.004909648522032,2100.0,9.7,33.90909090909091,11.39393939393939,3.021212121212121e-06,97.21212121212122,2.412121212121212,34.84235807742449,262.4531377863934,4.162147023996009,248.6188885224855,100.0,100.0,85.0|5.0|0.0|0.0|10.0|0.0
580,559.0,85.0,5.0,0.0,0.0,10.0,0.0,5.66763967219248,2500.0,9.7,33.90909090909091,11.39393939393939,3.021212121212121e-06,97.21212121212122,2.412121212121212,36.26374046932554,235.6816636727233,2.096466764583978,150.7380536619961,100.0,100.0,85.0|5.0|0.0|0.0|10.0|0.0
581,560.0,85.0,5.0,0.0,0.0,10.0,0.0,6.253821723442199,2900.0,9.7,33.90909090909091,11.39393939393939,3.021212121212121e-06,97.21212121212122,2.412121212121212,37.04647062786439,223.1419989019676,1.337927415982624,101.5654027026017,100.0,100.0,85.0|5.0|0.0|0.0|10.0|0.0
582,561.0,85.0,5.0,0.0,0.0,10.0,0.0,6.769346030495157,3300.0,9.7,33.90909090909091,11.39393939393939,3.021212121212121e-06,97.21212121212122,2.412121212121212,36.07349029911988,237.6285506978189,1.075989926009139,71.18458927533825,100.0,100.0,85.0|5.0|0.0|0.0|10.0|0.0
583,562.0,86.81,0.0,0.0,0.0,13.19,0.0,4.259323167090469,1700.0,9.7,34.19909090909091,11.36010606060606,3.059878787878788e-06,97.59878787878787,2.479787878787879,29.12748130518576,326.6843491573053,6.33371140048858,415.8566138321287,100.0,100.0,86.8|0.0|0.0|0.0|13.2|0.0
584,563.0,86.81,0.0,0.0,0.0,13.19,0.0,5.004909648522032,2100.0,9.7,34.19909090909091,11.36010606060606,3.059878787878788e-06,97.59878787878787,2.479787878787879,34.89094469791976,260.84702234026,4.151611116616905,242.3387095375221,100.0,100.0,86.8|0.0|0.0|0.0|13.2|0.0
585,564.0,86.81,0.0,0.0,0.0,13.19,0.0,5.66763967219248,2500.0,9.7,34.19909090909091,11.36010606060606,3.059878787878788e-06,97.59878787878787,2.479787878787879,35.99585465777083,236.7845741963498,2.164387808553792,149.2117241586851,100.0,100.0,86.8|0.0|0.0|0.0|13.2|0.0
586,565.0,86.81,0.0,0.0,0.0,13.19,0.0,6.253821723442199,2900.0,9.7,34.19909090909091,11.36010606060606,3.059878787878788e-06,97.59878787878787,2.479787878787879,37.67391202310066,218.7457572152735,1.354070200257844,102.0739083683103,100.0,100.0,86.8|0.0|0.0|0.0|13.2|0.0
587,566.0,86.81,0.0,0.0,0.0,13.19,0.0,6.769346030495157,3300.0,9.7,34.19909090909091,11.36010606060606,3.059878787878788e-06,97.59878787878787,2.479787878787879,36.80222088410811,235.5934283319417,1.100042239110175,71.87482493167646,100.0,100.0,86.8|0.0|0.0|0.0|13.2|0.0
588,567.0,70.0,30.0,0.0,0.0,0.0,0.0,4.259323167090469,1700.0,9.7,33.0,11.5,2.9e-06,96.0,2.2,30.87014697486335,347.109953135808,4.887986442187103,426.1748599859459,100.0,100.0,70.0|30.0|0.0|0.0|0.0|0.0
589,568.0,70.0,30.0,0.0,0.0,0.0,0.0,5.004909648522032,2100.0,9.7,33.0,11.5,2.9e-06,96.0,2.2,35.91544882826763,277.6644197234782,3.305813784317126,226.7285904697137,100.0,100.0,70.0|30.0|0.0|0.0|0.0|0.0
590,569.0,70.0,30.0,0.0,0.0,0.0,0.0,5.66763967219248,2500.0,9.7,33.0,11.5,2.9e-06,96.0,2.2,37.33262034841525,254.5213764272432,1.520618690660223,127.7290302748869,100.0,100.0,70.0|30.0|0.0|0.0|0.0|0.0
591,570.0,70.0,30.0,0.0,0.0,0.0,0.0,6.253821723442199,2900.0,9.7,33.0,11.5,2.9e-06,96.0,2.2,39.64654836367313,238.0081126689208,1.191499241270282,80.8662702333406,100.0,100.0,70.0|30.0|0.0|0.0|0.0|0.0
592,571.0,70.0,30.0,0.0,0.0,0.0,0.0,6.769346030495157,3300.0,9.7,33.0,11.5,2.9e-06,96.0,2.2,38.26119956326008,254.7013991325913,0.8903384456993728,51.45983449545193,100.0,100.0,70.0|30.0|0.0|0.0|0.0|0.0
593,572.0,75.0,15.0,0.0,0.0,10.0,0.0,4.259323167090469,1700.0,9.7,33.90909090909091,11.39393939393939,3.021212121212121e-06,97.21212121212122,2.412121212121212,30.97226202629121,342.6368938337157,4.89804102815564,405.0163872384773,100.0,100.0,75.0|15.0|0.0|0.0|10.0|0.0
594,573.0,75.0,15.0,0.0,0.0,10.0,0.0,5.004909648522032,2100.0,9.7,33.90909090909091,11.39393939393939,3.021212121212121e-06,97.21212121212122,2.412121212121212,36.56939906708656,275.0175867903255,3.247160855469729,212.160173827166,100.0,100.0,75.0|15.0|0.0|0.0|10.0|0.0
595,574.0,75.0,15.0,0.0,0.0,10.0,0.0,5.66763967219248,2500.0,9.7,33.90909090909091,11.39393939393939,3.021212121212121e-06,97.21212121212122,2.412121212121212,37.35238197899006,248.4862019443418,1.561904832968206,123.3161087161353,100.0,100.0,75.0|15.0|0.0|0.0|10.0|0.0
596,575.0,75.0,15.0,0.0,0.0,10.0,0.0,6.253821723442199,2900.0,9.7,33.90909090909091,11.39393939393939,3.021212121212121e-06,97.21212121212122,2.412121212121212,40.15641899691531,232.5204893800379,1.126037410478292,78.29182658363894,100.0,100.0,75.0|15.0|0.0|0.0|10.0|0.0
597,576.0,75.0,15.0,0.0,0.0,10.0,0.0,6.769346030495157,3300.0,9.7,33.90909090909091,11.39393939393939,3.021212121212121e-06,97.21212121212122,2.412121212121212,38.58977828854268,247.0882812804709,0.8774932102012022,50.90068733397904,100.0,100.0,75.0|15.0|0.0|0.0|10.0|0.0
598,577.0,77.7,7.5,0.0,0.0,14.8,0.0,4.259323167090469,1700.0,9.7,34.34545454545454,11.3430303030303,3.07939393939394e-06,97.7939393939394,2.513939393939394,31.02022953356305,339.6197352462538,5.076630233238224,387.0140664180825,100.0,100.0,77.7|7.5|0.0|0.0|14.8|0.0
599,578.0,77.7,7.5,0.0,0.0,14.8,0.0,5.004909648522032,2100.0,9.7,34.34545454545454,11.3430303030303,3.07939393939394e-06,97.7939393939394,2.513939393939394,36.26872878071213,274.4004207040132,3.385721730177469,209.0551784180049,100.0,100.0,77.7|7.5|0.0|0.0|14.8|0.0
600,579.0,77.7,7.5,0.0,0.0,14.8,0.0,5.66763967219248,2500.0,9.7,34.34545454545454,11.3430303030303,3.07939393939394e-06,97.7939393939394,2.513939393939394,37.30146684769991,245.7205647430453,1.618274143416494,124.9201644884219,100.0,100.0,77.7|7.5|0.0|0.0|14.8|0.0
601,580.0,77.7,7.5,0.0,0.0,14.8,0.0,6.253821723442199,2900.0,9.7,34.34545454545454,11.3430303030303,3.07939393939394e-06,97.7939393939394,2.513939393939394,39.17689725793016,230.5759560285563,1.154127513063741,79.1162276783267,100.0,100.0,77.7|7.5|0.0|0.0|14.8|0.0
602,581.0,77.7,7.5,0.0,0.0,14.8,0.0,6.769346030495157,3300.0,9.7,34.34545454545454,11.3430303030303,3.07939393939394e-06,97.7939393939394,2.513939393939394,39.21375280847527,240.4362035615951,0.9123493530953107,54.49329711271211,100.0,100.0,77.7|7.5|0.0|0.0|14.8|0.0
603,582.0,80.0,0.0,0.0,0.0,20.0,0.0,4.259323167090469,1700.0,9.7,34.81818181818182,11.28787878787879,3.142424242424243e-06,98.42424242424242,2.624242424242424,30.7400735778974,336.0658559579142,5.028342478420559,380.2432925548089,100.0,100.0,80.0|0.0|0.0|0.0|20.0|0.0
604,583.0,80.0,0.0,0.0,0.0,20.0,0.0,5.004909648522032,2100.0,9.7,34.81818181818182,11.28787878787879,3.142424242424243e-06,98.42424242424242,2.624242424242424,36.62380677578618,271.4282244603659,3.358799268986392,200.5178406979206,100.0,100.0,80.0|0.0|0.0|0.0|20.0|0.0
605,584.0,80.0,0.0,0.0,0.0,20.0,0.0,5.66763967219248,2500.0,9.7,34.81818181818182,11.28787878787879,3.142424242424243e-06,98.42424242424242,2.624242424242424,37.3298153506438,243.4177149501584,1.640164276108879,121.1471866972843,100.0,100.0,80.0|0.0|0.0|0.0|20.0|0.0
606,585.0,80.0,0.0,0.0,0.0,20.0,0.0,6.253821723442199,2900.0,9.7,34.81818181818182,11.28787878787879,3.142424242424243e-06,98.42424242424242,2.624242424242424,39.56825056398425,222.3985016259246,1.126847700134764,79.01721788163727,100.0,100.0,80.0|0.0|0.0|0.0|20.0|0.0
607,586.0,80.0,0.0,0.0,0.0,20.0,0.0,6.769346030495157,3300.0,9.7,34.81818181818182,11.28787878787879,3.142424242424243e-06,98.42424242424242,2.624242424242424,38.17955378550641,242.4392667466551,0.9160270022901122,53.31086672852726,100.0,100.0,80.0|0.0|0.0|0.0|20.0|0.0
608,587.0,60.0,40.0,0.0,0.0,0.0,0.0,4.259323167090469,1700.0,9.7,33.0,11.5,2.9e-06,96.0,2.2,29.05609137499206,364.0829003946459,3.983381256592939,379.3041640618529,100.0,100.0,60.0|40.0|0.0|0.0|0.0|0.0
609,588.0,60.0,40.0,0.0,0.0,0.0,0.0,5.004909648522032,2100.0,9.7,33.0,11.5,2.9e-06,96.0,2.2,34.71558632532992,287.8759726365271,2.517884646076049,194.6308336468222,100.0,100.0,60.0|40.0|0.0|0.0|0.0|0.0
610,589.0,60.0,40.0,0.0,0.0,0.0,0.0,5.66763967219248,2500.0,9.7,33.0,11.5,2.9e-06,96.0,2.2,35.22846063828018,283.72710347606,1.320858841466154,101.4485555503365,100.0,100.0,60.0|40.0|0.0|0.0|0.0|0.0
611,590.0,60.0,40.0,0.0,0.0,0.0,0.0,6.253821723442199,2900.0,9.7,33.0,11.5,2.9e-06,96.0,2.2,36.83876753346461,271.0934467635248,0.9681031259330106,57.93965370351216,100.0,100.0,60.0|40.0|0.0|0.0|0.0|0.0
612,591.0,60.0,40.0,0.0,0.0,0.0,0.0,6.769346030495157,3300.0,9.7,33.0,11.5,2.9e-06,96.0,2.2,35.89877028364683,279.9256720686577,0.8130874845338978,39.47924042143752,100.0,100.0,60.0|40.0|0.0|0.0|0.0|0.0
613,592.0,67.0,20.0,0.0,0.0,13.0,0.0,4.259323167090469,1700.0,9.7,34.18181818181818,11.36212121212121,3.057575757575758e-06,97.57575757575758,2.475757575757576,28.3554410458527,357.358201757084,3.755418652804019,351.1529081383851,100.0,100.0,67.0|20.0|0.0|0.0|13.0|0.0
614,593.0,67.0,20.0,0.0,0.0,13.0,0.0,5.004909648522032,2100.0,9.7,34.18181818181818,11.36212121212121,3.057575757575758e-06,97.57575757575758,2.475757575757576,35.21760303620673,283.4472061375229,2.569894076547719,180.6445451425738,100.0,100.0,67.0|20.0|0.0|0.0|13.0|0.0
615,594.0,67.0,20.0,0.0,0.0,13.0,0.0,5.66763967219248,2500.0,9.7,34.18181818181818,11.36212121212121,3.057575757575758e-06,97.57575757575758,2.475757575757576,36.31209965944564,271.1456755177111,1.269931420190131,96.0242451812417,100.0,100.0,67.0|20.0|0.0|0.0|13.0|0.0
616,595.0,67.0,20.0,0.0,0.0,13.0,0.0,6.253821723442199,2900.0,9.7,34.18181818181818,11.36212121212121,3.057575757575758e-06,97.57575757575758,2.475757575757576,37.52311457257046,262.1724973344461,0.9092773398004579,60.5819791290284,100.0,100.0,67.0|20.0|0.0|0.0|13.0|0.0
617,596.0,67.0,20.0,0.0,0.0,13.0,0.0,6.769346030495157,3300.0,9.7,34.18181818181818,11.36212121212121,3.057575757575758e-06,97.57575757575758,2.475757575757576,36.2109661987249,273.3145342212094,0.7746717741682337,37.20190230607212,100.0,100.0,67.0|20.0|0.0|0.0|13.0|0.0
618,597.0,70.0,10.0,0.0,0.0,20.0,0.0,4.259323167090469,1700.0,9.7,34.81818181818182,11.28787878787879,3.142424242424243e-06,98.42424242424242,2.624242424242424,29.56663023373956,354.9599669803118,3.778843245041644,327.2505932477784,100.0,100.0,70.0|10.0|0.0|0.0|20.0|0.0
619,598.0,70.0,10.0,0.0,0.0,20.0,0.0,5.004909648522032,2100.0,9.7,34.81818181818182,11.28787878787879,3.142424242424243e-06,98.42424242424242,2.624242424242424,35.40340792854581,284.3799608060827,2.619421758928114,176.9162277585556,100.0,100.0,70.0|10.0|0.0|0.0|20.0|0.0
620,599.0,70.0,10.0,0.0,0.0,20.0,0.0,5.66763967219248,2500.0,9.7,34.81818181818182,11.28787878787879,3.142424242424243e-06,98.42424242424242,2.624242424242424,36.58829933092481,270.3728306151239,1.255754368053184,96.30862676459537,100.0,100.0,70.0|10.0|0.0|0.0|20.0|0.0
621,600.0,70.0,10.0,0.0,0.0,20.0,0.0,6.253821723442199,2900.0,9.7,34.81818181818182,11.28787878787879,3.142424242424243e-06,98.42424242424242,2.624242424242424,37.59843657229095,257.4067418461261,0.8971601980058623,60.76801609014418,100.0,100.0,70.0|10.0|0.0|0.0|20.0|0.0
622,601.0,70.0,10.0,0.0,0.0,20.0,0.0,6.769346030495157,3300.0,9.7,34.81818181818182,11.28787878787879,3.142424242424243e-06,98.42424242424242,2.624242424242424,37.04854577963714,267.8808136913551,0.7574254857156146,36.70926690666503,100.0,100.0,70.0|10.0|0.0|0.0|20.0|0.0
623,602.0,73.7,0.0,0.0,0.0,26.3,0.0,4.259323167090469,1700.0,9.7,35.39090909090909,11.22106060606061,3.218787878787879e-06,99.18787878787879,2.757878787878788,29.55916990154271,351.9611963347556,3.821726514202021,311.8538924521116,100.0,100.0,73.7|0.0|0.0|0.0|26.3|0.0
624,603.0,73.7,0.0,0.0,0.0,26.3,0.0,5.004909648522032,2100.0,9.7,35.39090909090909,11.22106060606061,3.218787878787879e-06,99.18787878787879,2.757878787878788,35.52935120606584,276.9007977891911,2.582803088004347,171.8882074289234,100.0,100.0,73.7|0.0|0.0|0.0|26.3|0.0
625,604.0,73.7,0.0,0.0,0.0,26.3,0.0,5.66763967219248,2500.0,9.7,35.39090909090909,11.22106060606061,3.218787878787879e-06,99.18787878787879,2.757878787878788,36.56355436069416,266.9813903171075,1.231534041820503,94.36633338211792,100.0,100.0,73.7|0.0|0.0|0.0|26.3|0.0
626,605.0,73.7,0.0,0.0,0.0,26.3,0.0,6.253821723442199,2900.0,9.7,35.39090909090909,11.22106060606061,3.218787878787879e-06,99.18787878787879,2.757878787878788,37.7204441890304,253.8814282944036,0.8982484349002642,59.65559696013063,100.0,100.0,73.7|0.0|0.0|0.0|26.3|0.0
627,606.0,73.7,0.0,0.0,0.0,26.3,0.0,6.769346030495157,3300.0,9.7,35.39090909090909,11.22106060606061,3.218787878787879e-06,99.18787878787879,2.757878787878788,36.91392910439008,260.1902187854529,0.7413588216022161,36.87635227291286,100.0,100.0,73.7|0.0|0.0|0.0|26.3|0.0
628,607.0,50.0,50.0,0.0,0.0,0.0,0.0,4.259323167090469,1700.0,9.7,33.0,11.5,2.9e-06,96.0,2.2,26.76517029574532,415.497927418392,3.349181460784783,340.7542679608601,100.0,100.0,50.0|50.0|0.0|0.0|0.0|0.0
629,608.0,50.0,50.0,0.0,0.0,0.0,0.0,5.004909648522032,2100.0,9.7,33.0,11.5,2.9e-06,96.0,2.2,31.79058466640993,341.892945686038,1.821231898045414,151.3832147297137,100.0,100.0,50.0|50.0|0.0|0.0|0.0|0.0
630,609.0,50.0,50.0,0.0,0.0,0.0,0.0,5.66763967219248,2500.0,9.7,33.0,11.5,2.9e-06,96.0,2.2,33.63665426423993,317.9366941316993,1.077840795917084,86.87127932592385,100.0,100.0,50.0|50.0|0.0|0.0|0.0|0.0
631,610.0,50.0,50.0,0.0,0.0,0.0,0.0,6.253821723442199,2900.0,9.7,33.0,11.5,2.9e-06,96.0,2.2,35.80122692491086,293.6805568151358,0.8372242947826554,40.79426797854475,100.0,100.0,50.0|50.0|0.0|0.0|0.0|0.0
632,611.0,50.0,50.0,0.0,0.0,0.0,0.0,6.769346030495157,3300.0,9.7,33.0,11.5,2.9e-06,96.0,2.2,34.81970077226684,309.1412610289787,0.4242967508114959,28.21213519785342,100.0,100.0,50.0|50.0|0.0|0.0|0.0|0.0
633,612.0,58.5,25.0,0.0,0.0,16.5,0.0,4.259323167090469,1700.0,9.7,34.5,11.325,3.1e-06,98.0,2.55,28.11311973237272,405.5607122657933,3.241135933517767,303.0494508521199,100.0,100.0,58.5|25.0|0.0|0.0|16.5|0.0
634,613.0,58.5,25.0,0.0,0.0,16.5,0.0,5.004909648522032,2100.0,9.7,34.5,11.325,3.1e-06,98.0,2.55,32.70697008201275,327.0690213008855,1.726619789800756,137.0221560251511,100.0,100.0,58.5|25.0|0.0|0.0|16.5|0.0
635,614.0,58.5,25.0,0.0,0.0,16.5,0.0,5.66763967219248,2500.0,9.7,34.5,11.325,3.1e-06,98.0,2.55,34.49286104552936,302.8215182947775,1.115055648236395,81.26621277247001,100.0,100.0,58.5|25.0|0.0|0.0|16.5|0.0
636,615.0,58.5,25.0,0.0,0.0,16.5,0.0,6.253821723442199,2900.0,9.7,34.5,11.325,3.1e-06,98.0,2.55,36.86988881697062,283.8641130382836,0.8230605428313219,39.15892910667294,100.0,100.0,58.5|25.0|0.0|0.0|16.5|0.0
637,616.0,58.5,25.0,0.0,0.0,16.5,0.0,6.769346030495157,3300.0,9.7,34.5,11.325,3.1e-06,98.0,2.55,35.52759477472739,294.1958275566697,0.5269307638033265,27.73267210650318,100.0,100.0,58.5|25.0|0.0|0.0|16.5|0.0
643,622.0,67.0,0.0,0.0,0.0,33.0,0.0,4.259323167090469,1700.0,9.7,36.0,11.15,3.3e-06,100.0,2.9,28.96280250109595,397.8133229834217,3.234994881921683,266.0993953276696,100.0,100.0,67.0|0.0|0.0|0.0|33.0|0.0
644,623.0,67.0,0.0,0.0,0.0,33.0,0.0,5.004909648522032,2100.0,9.7,36.0,11.15,3.3e-06,100.0,2.9,33.87235272311479,320.6672293252458,1.88388700707134,128.3231784809072,100.0,100.0,67.0|0.0|0.0|0.0|33.0|0.0
645,624.0,67.0,0.0,0.0,0.0,33.0,0.0,5.66763967219248,2500.0,9.7,36.0,11.15,3.3e-06,100.0,2.9,35.71943518779662,300.2906512620803,1.062340317868356,74.90434222857257,100.0,100.0,67.0|0.0|0.0|0.0|33.0|0.0
646,625.0,67.0,0.0,0.0,0.0,33.0,0.0,6.253821723442199,2900.0,9.7,36.0,11.15,3.3e-06,100.0,2.9,37.35911932108434,274.0547804800998,0.7697663592269346,41.75536012656383,100.0,100.0,67.0|0.0|0.0|0.0|33.0|0.0
647,626.0,67.0,0.0,0.0,0.0,33.0,0.0,6.769346030495157,3300.0,9.7,36.0,11.15,3.3e-06,100.0,2.9,36.09856708175116,285.2563142457778,0.585789086924869,26.37207290002186,100.0,100.0,67.0|0.0|0.0|0.0|33.0|0.0
648,627.0,90.0,10.0,0.0,0.0,0.0,0.0,4.259323167090469,1700.0,9.7,34.8,11.8,3.5e-06,98.0,1.9,27.98345244017179,326.6104765207709,6.816003763958019,459.0263876597091,100.0,100.0,90.0|10.0|0.0|0.0|0.0|0.0
649,628.0,90.0,10.0,0.0,0.0,0.0,0.0,5.004909648522032,2100.0,9.7,34.8,11.8,3.5e-06,98.0,1.9,32.73909113691984,265.3422696466421,4.579614256186469,272.935962766854,100.0,100.0,90.0|10.0|0.0|0.0|0.0|0.0
650,629.0,90.0,10.0,0.0,0.0,0.0,0.0,5.66763967219248,2500.0,9.7,34.8,11.8,3.5e-06,98.0,1.9,35.52043955966307,246.8921109998145,2.406777362075291,170.2572704671703,100.0,100.0,90.0|10.0|0.0|0.0|0.0|0.0
651,630.0,90.0,10.0,0.0,0.0,0.0,0.0,6.253821723442199,2900.0,9.7,34.8,11.8,3.5e-06,98.0,1.9,37.17545086943842,223.6364504190204,1.445763122286684,112.8891075790828,100.0,100.0,90.0|10.0|0.0|0.0|0.0|0.0
652,631.0,90.0,10.0,0.0,0.0,0.0,0.0,6.769346030495157,3300.0,9.7,34.8,11.8,3.5e-06,98.0,1.9,35.52906198588814,239.3975483927608,1.169506905132752,72.98656619286852,100.0,100.0,90.0|10.0|0.0|0.0|0.0|0.0
653,632.0,91.65,5.0,3.35,0.0,0.0,0.0,4.259323167090469,1700.0,9.7,35.15530303030302,11.7644696969697,3.550757575757576e-06,98.30454545454545,1.960909090909091,28.12989816833692,332.735106901597,6.832190251812235,448.2870620276179,100.0,100.0,91.6|5.0|3.4|0.0|0.0|0.0
654,633.0,91.65,5.0,3.35,0.0,0.0,0.0,5.004909648522032,2100.0,9.7,35.15530303030302,11.7644696969697,3.550757575757576e-06,98.30454545454545,1.960909090909091,33.47059634900232,265.1479821359472,4.681369537466548,260.7009303287218,100.0,100.0,91.6|5.0|3.4|0.0|0.0|0.0
655,634.0,91.65,5.0,3.35,0.0,0.0,0.0,5.66763967219248,2500.0,9.7,35.15530303030302,11.7644696969697,3.550757575757576e-06,98.30454545454545,1.960909090909091,35.15407835241997,241.3457946645011,2.392824115540321,173.1595379659009,100.0,100.0,91.6|5.0|3.4|0.0|0.0|0.0
656,635.0,91.65,5.0,3.35,0.0,0.0,0.0,6.253821723442199,2900.0,9.7,35.15530303030302,11.7644696969697,3.550757575757576e-06,98.30454545454545,1.960909090909091,36.90219578793175,225.066617932966,1.571760153518521,117.6329265919482,100.0,100.0,91.6|5.0|3.4|0.0|0.0|0.0
657,636.0,91.65,5.0,3.35,0.0,0.0,0.0,6.769346030495157,3300.0,9.7,35.15530303030302,11.7644696969697,3.550757575757576e-06,98.30454545454545,1.960909090909091,34.88227060178928,237.223230448113,1.182116195790688,74.97233521180085,100.0,100.0,91.6|5.0|3.4|0.0|0.0|0.0
658,637.0,92.5,2.5,5.0,0.0,0.0,0.0,4.259323167090469,1700.0,9.7,35.33030303030303,11.7469696969697,3.575757575757576e-06,98.45454545454545,1.990909090909091,28.28041521199386,322.7328544005406,6.680657695541123,449.6864719554965,100.0,100.0,92.5|2.5|5.0|0.0|0.0|0.0
659,638.0,92.5,2.5,5.0,0.0,0.0,0.0,5.004909648522032,2100.0,9.7,35.33030303030303,11.7469696969697,3.575757575757576e-06,98.45454545454545,1.990909090909091,33.05249872129793,266.1225509956373,4.754150234343219,272.0466855248791,100.0,100.0,92.5|2.5|5.0|0.0|0.0|0.0
660,639.0,92.5,2.5,5.0,0.0,0.0,0.0,5.66763967219248,2500.0,9.7,35.33030303030303,11.7469696969697,3.575757575757576e-06,98.45454545454545,1.990909090909091,35.10813797687192,241.0458680343649,2.531732814679081,174.8795144802481,100.0,100.0,92.5|2.5|5.0|0.0|0.0|0.0
661,640.0,92.5,2.5,5.0,0.0,0.0,0.0,6.253821723442199,2900.0,9.7,35.33030303030303,11.7469696969697,3.575757575757576e-06,98.45454545454545,1.990909090909091,35.96658465122671,226.1378243764941,1.646148932694796,118.7749447886528,100.0,100.0,92.5|2.5|5.0|0.0|0.0|0.0
662,641.0,92.5,2.5,5.0,0.0,0.0,0.0,6.769346030495157,3300.0,9.7,35.33030303030303,11.7469696969697,3.575757575757576e-06,98.45454545454545,1.990909090909091,34.93112413956176,239.4195857945816,1.213895653462887,77.06215712133151,100.0,100.0,92.5|2.5|5.0|0.0|0.0|0.0
663,642.0,93.35,0.0,6.65,0.0,0.0,0.0,4.259323167090469,1700.0,9.7,35.50530303030303,11.7294696969697,3.600757575757576e-06,98.60454545454546,2.020909090909091,28.39228874674994,325.6113576444782,6.761327788219909,441.1589861489594,100.0,100.0,93.4|0.0|6.6|0.0|0.0|0.0
664,643.0,93.35,0.0,6.65,0.0,0.0,0.0,5.004909648522032,2100.0,9.7,35.50530303030303,11.7294696969697,3.600757575757576e-06,98.60454545454546,2.020909090909091,32.59308520923287,262.0225945794942,4.881424114381624,265.5158435800145,100.0,100.0,93.4|0.0|6.6|0.0|0.0|0.0
665,644.0,93.35,0.0,6.65,0.0,0.0,0.0,5.66763967219248,2500.0,9.7,35.50530303030303,11.7294696969697,3.600757575757576e-06,98.60454545454546,2.020909090909091,34.93759564562555,244.4248910791306,2.633346641713458,175.0750650726153,100.0,100.0,93.4|0.0|6.6|0.0|0.0|0.0
666,645.0,93.35,0.0,6.65,0.0,0.0,0.0,6.253821723442199,2900.0,9.7,35.50530303030303,11.7294696969697,3.600757575757576e-06,98.60454545454546,2.020909090909091,36.67009417192996,220.8510638187711,1.659340579921043,125.7423979559929,100.0,100.0,93.4|0.0|6.6|0.0|0.0|0.0
667,646.0,93.35,0.0,6.65,0.0,0.0,0.0,6.769346030495157,3300.0,9.7,35.50530303030303,11.7294696969697,3.600757575757576e-06,98.60454545454546,2.020909090909091,35.0435692529975,237.0677882811168,1.237088902315562,80.29499995107571,100.0,100.0,93.4|0.0|6.6|0.0|0.0|0.0
668,647.0,80.0,20.0,0.0,0.0,0.0,0.0,4.259323167090469,1700.0,9.7,34.8,11.8,3.5e-06,98.0,1.9,29.87012231517312,325.1166473017263,5.945469276852633,428.4924311384779,100.0,100.0,80.0|20.0|0.0|0.0|0.0|0.0
669,648.0,80.0,20.0,0.0,0.0,0.0,0.0,5.004909648522032,2100.0,9.7,34.8,11.8,3.5e-06,98.0,1.9,35.01637685930754,257.1861050016283,3.910605134333252,253.2009273345923,100.0,100.0,80.0|20.0|0.0|0.0|0.0|0.0
670,649.0,80.0,20.0,0.0,0.0,0.0,0.0,5.66763967219248,2500.0,9.7,34.8,11.8,3.5e-06,98.0,1.9,36.78733399251366,236.903022974452,1.931945167473283,147.4863491176613,100.0,100.0,80.0|20.0|0.0|0.0|0.0|0.0
671,650.0,80.0,20.0,0.0,0.0,0.0,0.0,6.253821723442199,2900.0,9.7,34.8,11.8,3.5e-06,98.0,1.9,37.63517061870838,219.1511798340119,1.227752974423261,97.82322546520854,100.0,100.0,80.0|20.0|0.0|0.0|0.0|0.0
672,651.0,80.0,20.0,0.0,0.0,0.0,0.0,6.769346030495157,3300.0,9.7,34.8,11.8,3.5e-06,98.0,1.9,36.27417134344594,236.1478808990325,1.057892003565333,68.32184542289141,100.0,100.0,80.0|20.0|0.0|0.0|0.0|0.0
673,652.0,83.39833983398341,10.001000100010003,6.6006600660066015,0.0,0.0,0.0,4.259323167090469,1700.0,9.7,35.5,11.73,3.6e-06,98.6,2.02,29.52407705962554,313.1802307799496,5.92612280297075,409.958721508732,99.99,100.00000000000001,83.4|10.0|6.6|0.0|0.0|0.0
674,653.0,83.39833983398341,10.001000100010003,6.6006600660066015,0.0,0.0,0.0,5.004909648522032,2100.0,9.7,35.5,11.73,3.6e-06,98.6,2.02,35.43229734199976,253.498391649175,3.930259853965936,238.6301107498849,99.99,100.00000000000001,83.4|10.0|6.6|0.0|0.0|0.0
675,654.0,83.39833983398341,10.001000100010003,6.6006600660066015,0.0,0.0,0.0,5.66763967219248,2500.0,9.7,35.5,11.73,3.6e-06,98.6,2.02,36.43491717029952,230.6251174744596,1.962649880621867,146.9929118350034,99.99,100.00000000000001,83.4|10.0|6.6|0.0|0.0|0.0
676,655.0,83.39833983398341,10.001000100010003,6.6006600660066015,0.0,0.0,0.0,6.253821723442199,2900.0,9.7,35.5,11.73,3.6e-06,98.6,2.02,38.06213469768651,216.3179837645465,1.23914342766919,93.35971162717946,99.99,100.00000000000001,83.4|10.0|6.6|0.0|0.0|0.0
677,656.0,83.39833983398341,10.001000100010003,6.6006600660066015,0.0,0.0,0.0,6.769346030495157,3300.0,9.7,35.5,11.73,3.6e-06,98.6,2.02,36.95304071856697,227.6453077989917,1.032008505808558,65.64975095404341,99.99,100.00000000000001,83.4|10.0|6.6|0.0|0.0|0.0
678,657.0,85.0,5.0,10.0,0.0,0.0,0.0,4.259323167090469,1700.0,9.7,35.86060606060606,11.6939393939394,3.651515151515152e-06,98.9090909090909,2.081818181818182,29.40657129946304,313.5195840037632,5.874862046869183,407.2236767076695,100.0,100.0,85.0|5.0|10.0|0.0|0.0|0.0
679,658.0,85.0,5.0,10.0,0.0,0.0,0.0,5.004909648522032,2100.0,9.7,35.86060606060606,11.6939393939394,3.651515151515152e-06,98.9090909090909,2.081818181818182,35.0455448484065,247.8248859906407,3.942798601232621,240.8403644776068,100.0,100.0,85.0|5.0|10.0|0.0|0.0|0.0
680,659.0,85.0,5.0,10.0,0.0,0.0,0.0,5.66763967219248,2500.0,9.7,35.86060606060606,11.6939393939394,3.651515151515152e-06,98.9090909090909,2.081818181818182,36.47053400148911,228.9814615348498,1.983878436771477,145.182166612467,100.0,100.0,85.0|5.0|10.0|0.0|0.0|0.0
681,660.0,85.0,5.0,10.0,0.0,0.0,0.0,6.253821723442199,2900.0,9.7,35.86060606060606,11.6939393939394,3.651515151515152e-06,98.9090909090909,2.081818181818182,37.70436860831536,215.8755110370565,1.269112984868639,94.06916996024293,100.0,100.0,85.0|5.0|10.0|0.0|0.0|0.0
682,661.0,85.0,5.0,10.0,0.0,0.0,0.0,6.769346030495157,3300.0,9.7,35.86060606060606,11.6939393939394,3.651515151515152e-06,98.9090909090909,2.081818181818182,36.41828321561456,230.7934339012041,1.058933805299298,67.33928357976899,100.0,100.0,85.0|5.0|10.0|0.0|0.0|0.0
683,662.0,86.81,0.0,13.19,0.0,0.0,0.0,4.259323167090469,1700.0,9.7,36.19893939393939,11.66010606060606,3.699848484848485e-06,99.19909090909091,2.139818181818182,29.59938298787866,313.9902041493253,6.151990502789523,397.6182442768713,100.0,100.0,86.8|0.0|13.2|0.0|0.0|0.0
684,663.0,86.81,0.0,13.19,0.0,0.0,0.0,5.004909648522032,2100.0,9.7,36.19893939393939,11.66010606060606,3.699848484848485e-06,99.19909090909091,2.139818181818182,35.14375712165891,249.6629487470568,3.969429618128103,238.1506163704869,100.0,100.0,86.8|0.0|13.2|0.0|0.0|0.0
685,664.0,86.81,0.0,13.19,0.0,0.0,0.0,5.66763967219248,2500.0,9.7,36.19893939393939,11.66010606060606,3.699848484848485e-06,99.19909090909091,2.139818181818182,36.76676726782738,231.4565099467144,2.093412651213043,145.8399504610403,100.0,100.0,86.8|0.0|13.2|0.0|0.0|0.0
686,665.0,86.81,0.0,13.19,0.0,0.0,0.0,6.253821723442199,2900.0,9.7,36.19893939393939,11.66010606060606,3.699848484848485e-06,99.19909090909091,2.139818181818182,38.38061515492151,211.4194133204452,1.292833802107501,94.40685485031928,100.0,100.0,86.8|0.0|13.2|0.0|0.0|0.0
687,666.0,86.81,0.0,13.19,0.0,0.0,0.0,6.769346030495157,3300.0,9.7,36.19893939393939,11.66010606060606,3.699848484848485e-06,99.19909090909091,2.139818181818182,36.67058973820145,226.0845199258458,1.055880825476666,69.16911161624738,100.0,100.0,86.8|0.0|13.2|0.0|0.0|0.0
688,667.0,70.0,30.0,0.0,0.0,0.0,0.0,4.259323167090469,1700.0,9.7,34.8,11.8,3.5e-06,98.0,1.9,30.98082550285019,341.2108846142541,4.836770512181697,408.4736137212986,100.0,100.0,70.0|30.0|0.0|0.0|0.0|0.0
689,668.0,70.0,30.0,0.0,0.0,0.0,0.0,5.004909648522032,2100.0,9.7,34.8,11.8,3.5e-06,98.0,1.9,36.27934931708707,268.5911495679498,3.153233623555501,213.3378112870917,100.0,100.0,70.0|30.0|0.0|0.0|0.0|0.0
690,669.0,70.0,30.0,0.0,0.0,0.0,0.0,5.66763967219248,2500.0,9.7,34.8,11.8,3.5e-06,98.0,1.9,37.22574144402707,248.6450657193328,1.485114032114002,120.240366416654,100.0,100.0,70.0|30.0|0.0|0.0|0.0|0.0
691,670.0,70.0,30.0,0.0,0.0,0.0,0.0,6.253821723442199,2900.0,9.7,34.8,11.8,3.5e-06,98.0,1.9,39.54548781939451,232.7144004560228,1.125979611147568,78.4795301487509,100.0,100.0,70.0|30.0|0.0|0.0|0.0|0.0
692,671.0,70.0,30.0,0.0,0.0,0.0,0.0,6.769346030495157,3300.0,9.7,34.8,11.8,3.5e-06,98.0,1.9,39.32896120529681,244.093881987839,0.8783116955301317,49.87560977450122,100.0,100.0,70.0|30.0|0.0|0.0|0.0|0.0
693,672.0,75.0,15.0,10.0,0.0,0.0,0.0,4.259323167090469,1700.0,9.7,35.86060606060606,11.6939393939394,3.651515151515152e-06,98.9090909090909,2.081818181818182,31.36299565908074,335.0412735000528,4.761424877144759,383.6599781332514,100.0,100.0,75.0|15.0|10.0|0.0|0.0|0.0
694,673.0,75.0,15.0,10.0,0.0,0.0,0.0,5.004909648522032,2100.0,9.7,35.86060606060606,11.6939393939394,3.651515151515152e-06,98.9090909090909,2.081818181818182,37.15914777178683,266.6564272549535,3.229355937960146,205.2010794669776,100.0,100.0,75.0|15.0|10.0|0.0|0.0|0.0
695,674.0,75.0,15.0,10.0,0.0,0.0,0.0,5.66763967219248,2500.0,9.7,35.86060606060606,11.6939393939394,3.651515151515152e-06,98.9090909090909,2.081818181818182,38.68514452505927,242.6127160541658,1.55646638959863,114.7221938085728,100.0,100.0,75.0|15.0|10.0|0.0|0.0|0.0
696,675.0,75.0,15.0,10.0,0.0,0.0,0.0,6.253821723442199,2900.0,9.7,35.86060606060606,11.6939393939394,3.651515151515152e-06,98.9090909090909,2.081818181818182,40.68064422163018,223.5286891873146,1.116098856415844,74.2297995330377,100.0,100.0,75.0|15.0|10.0|0.0|0.0|0.0
697,676.0,75.0,15.0,10.0,0.0,0.0,0.0,6.769346030495157,3300.0,9.7,35.86060606060606,11.6939393939394,3.651515151515152e-06,98.9090909090909,2.081818181818182,39.49484851753687,239.1505825309746,0.8683159343919714,48.54432978801761,100.0,100.0,75.0|15.0|10.0|0.0|0.0|0.0
698,677.0,77.7,7.5,14.8,0.0,0.0,0.0,4.259323167090469,1700.0,9.7,36.36969696969697,11.6430303030303,3.724242424242424e-06,99.34545454545454,2.169090909090909,31.23326634322973,324.027358032105,4.780629039007981,356.7803162416701,100.0,100.0,77.7|7.5|14.8|0.0|0.0|0.0
699,678.0,77.7,7.5,14.8,0.0,0.0,0.0,5.004909648522032,2100.0,9.7,36.36969696969697,11.6430303030303,3.724242424242424e-06,99.34545454545454,2.169090909090909,37.53703190165099,264.1747572809748,3.263193180539375,194.5307059370164,100.0,100.0,77.7|7.5|14.8|0.0|0.0|0.0
700,679.0,77.7,7.5,14.8,0.0,0.0,0.0,5.66763967219248,2500.0,9.7,36.36969696969697,11.6430303030303,3.724242424242424e-06,99.34545454545454,2.169090909090909,37.94079272564062,237.2811907601872,1.559782980867959,116.9169008303785,100.0,100.0,77.7|7.5|14.8|0.0|0.0|0.0
701,680.0,77.7,7.5,14.8,0.0,0.0,0.0,6.253821723442199,2900.0,9.7,36.36969696969697,11.6430303030303,3.724242424242424e-06,99.34545454545454,2.169090909090909,40.20841875389846,221.7874121505504,1.102287641772683,76.9184852756925,100.0,100.0,77.7|7.5|14.8|0.0|0.0|0.0
702,681.0,77.7,7.5,14.8,0.0,0.0,0.0,6.769346030495157,3300.0,9.7,36.36969696969697,11.6430303030303,3.724242424242424e-06,99.34545454545454,2.169090909090909,39.41780086164842,237.2368122773691,0.889892386071903,50.85611760903662,100.0,100.0,77.7|7.5|14.8|0.0|0.0|0.0
703,682.0,80.0,0.0,20.0,0.0,0.0,0.0,4.259323167090469,1700.0,9.7,36.92121212121212,11.58787878787879,3.803030303030303e-06,99.81818181818181,2.263636363636364,31.7341845479764,320.8187957605048,4.877017727898976,356.438028739454,100.0,100.0,80.0|0.0|20.0|0.0|0.0|0.0
704,683.0,80.0,0.0,20.0,0.0,0.0,0.0,5.004909648522032,2100.0,9.7,36.92121212121212,11.58787878787879,3.803030303030303e-06,99.81818181818181,2.263636363636364,36.86167619485088,262.6380087321391,3.278559107515929,191.27323867392,100.0,100.0,80.0|0.0|20.0|0.0|0.0|0.0
705,684.0,80.0,0.0,20.0,0.0,0.0,0.0,5.66763967219248,2500.0,9.7,36.92121212121212,11.58787878787879,3.803030303030303e-06,99.81818181818181,2.263636363636364,37.53917077154441,237.350297777614,1.588206958698491,118.3362076681371,100.0,100.0,80.0|0.0|20.0|0.0|0.0|0.0
706,685.0,80.0,0.0,20.0,0.0,0.0,0.0,6.253821723442199,2900.0,9.7,36.92121212121212,11.58787878787879,3.803030303030303e-06,99.81818181818181,2.263636363636364,40.31739031984768,215.8734663703923,1.104541019897584,75.5144405155352,100.0,100.0,80.0|0.0|20.0|0.0|0.0|0.0
707,686.0,80.0,0.0,20.0,0.0,0.0,0.0,6.769346030495157,3300.0,9.7,36.92121212121212,11.58787878787879,3.803030303030303e-06,99.81818181818181,2.263636363636364,38.94638816119151,232.4254168885924,0.8789791346784349,50.22355941229848,100.0,100.0,80.0|0.0|20.0|0.0|0.0|0.0
708,687.0,60.0,40.0,0.0,0.0,0.0,0.0,4.259323167090469,1700.0,9.7,34.8,11.8,3.5e-06,98.0,1.9,29.42572098863158,359.8876192378519,3.809380632806918,357.2442636649768,100.0,100.0,60.0|40.0|0.0|0.0|0.0|0.0
709,688.0,60.0,40.0,0.0,0.0,0.0,0.0,5.004909648522032,2100.0,9.7,34.8,11.8,3.5e-06,98.0,1.9,35.02762776611208,282.5051422566373,2.457871392612386,189.6901619904715,100.0,100.0,60.0|40.0|0.0|0.0|0.0|0.0
710,689.0,60.0,40.0,0.0,0.0,0.0,0.0,5.66763967219248,2500.0,9.7,34.8,11.8,3.5e-06,98.0,1.9,35.91056398121852,275.7213748405647,1.270311847281981,98.84106228778847,100.0,100.0,60.0|40.0|0.0|0.0|0.0|0.0
711,690.0,60.0,40.0,0.0,0.0,0.0,0.0,6.253821723442199,2900.0,9.7,34.8,11.8,3.5e-06,98.0,1.9,37.32441064543504,261.3815439180337,0.9441645991984828,56.73418777461286,100.0,100.0,60.0|40.0|0.0|0.0|0.0|0.0
712,691.0,60.0,40.0,0.0,0.0,0.0,0.0,6.769346030495157,3300.0,9.7,34.8,11.8,3.5e-06,98.0,1.9,37.07235749478291,270.4503297880619,0.7749898893319135,36.70726352229244,100.0,100.0,60.0|40.0|0.0|0.0|0.0|0.0
713,692.0,67.0,20.0,13.0,0.0,0.0,0.0,4.259323167090469,1700.0,9.7,36.17878787878787,11.66212121212121,3.696969696969697e-06,99.18181818181819,2.136363636363636,29.11926624739349,360.3533759552281,3.668308648045421,332.71439467938,100.0,100.0,67.0|20.0|13.0|0.0|0.0|0.0
714,693.0,67.0,20.0,13.0,0.0,0.0,0.0,5.004909648522032,2100.0,9.7,36.17878787878787,11.66212121212121,3.696969696969697e-06,99.18181818181819,2.136363636363636,36.55201314952273,277.4875083953185,2.501996608934941,172.0965509685436,100.0,100.0,67.0|20.0|13.0|0.0|0.0|0.0
715,694.0,67.0,20.0,13.0,0.0,0.0,0.0,5.66763967219248,2500.0,9.7,36.17878787878787,11.66212121212121,3.696969696969697e-06,99.18181818181819,2.136363636363636,37.01481344595203,267.1495942121688,1.243836554888016,92.88724109339915,100.0,100.0,67.0|20.0|13.0|0.0|0.0|0.0
716,695.0,67.0,20.0,13.0,0.0,0.0,0.0,6.253821723442199,2900.0,9.7,36.17878787878787,11.66212121212121,3.696969696969697e-06,99.18181818181819,2.136363636363636,37.87118157896415,255.7966116645828,0.8819640207793609,57.57548819531841,100.0,100.0,67.0|20.0|13.0|0.0|0.0|0.0
717,696.0,67.0,20.0,13.0,0.0,0.0,0.0,6.769346030495157,3300.0,9.7,36.17878787878787,11.66212121212121,3.696969696969697e-06,99.18181818181819,2.136363636363636,37.2942011710859,263.1142844409521,0.7408351410150589,36.1079681297572,100.0,100.0,67.0|20.0|13.0|0.0|0.0|0.0
718,697.0,70.0,10.0,20.0,0.0,0.0,0.0,4.259323167090469,1700.0,9.7,36.92121212121212,11.58787878787879,3.803030303030303e-06,99.81818181818181,2.263636363636364,30.43459833724654,354.4078711765428,3.750752293739681,310.7351367960937,100.0,100.0,70.0|10.0|20.0|0.0|0.0|0.0
719,698.0,70.0,10.0,20.0,0.0,0.0,0.0,5.004909648522032,2100.0,9.7,36.92121212121212,11.58787878787879,3.803030303030303e-06,99.81818181818181,2.263636363636364,36.74682116648785,268.2104129073924,2.511414384504723,165.7095052534136,100.0,100.0,70.0|10.0|20.0|0.0|0.0|0.0
720,699.0,70.0,10.0,20.0,0.0,0.0,0.0,5.66763967219248,2500.0,9.7,36.92121212121212,11.58787878787879,3.803030303030303e-06,99.81818181818181,2.263636363636364,37.18478551378754,260.123304137937,1.210341992581318,89.44121710056353,100.0,100.0,70.0|10.0|20.0|0.0|0.0|0.0
721,700.0,70.0,10.0,20.0,0.0,0.0,0.0,6.253821723442199,2900.0,9.7,36.92121212121212,11.58787878787879,3.803030303030303e-06,99.81818181818181,2.263636363636364,38.52880459025862,254.0948886127306,0.8525554320145019,58.08378123247091,100.0,100.0,70.0|10.0|20.0|0.0|0.0|0.0
722,701.0,70.0,10.0,20.0,0.0,0.0,0.0,6.769346030495157,3300.0,9.7,36.92121212121212,11.58787878787879,3.803030303030303e-06,99.81818181818181,2.263636363636364,37.59326040933554,258.1540751695075,0.7351462737282727,34.73946364029658,100.0,100.0,70.0|10.0|20.0|0.0|0.0|0.0
723,702.0,73.7,0.0,26.3,0.0,0.0,0.0,4.259323167090469,1700.0,9.7,37.58939393939394,11.52106060606061,3.898484848484849e-06,100.3909090909091,2.378181818181818,30.30866526664121,346.4091614989126,3.732250646782051,301.0142233469714,100.0,100.0,73.7|0.0|26.3|0.0|0.0|0.0
724,703.0,73.7,0.0,26.3,0.0,0.0,0.0,5.004909648522032,2100.0,9.7,37.58939393939394,11.52106060606061,3.898484848484849e-06,100.3909090909091,2.378181818181818,36.37893369725532,267.7211346739259,2.550096853821819,159.6904457587327,100.0,100.0,73.7|0.0|26.3|0.0|0.0|0.0
725,704.0,73.7,0.0,26.3,0.0,0.0,0.0,5.66763967219248,2500.0,9.7,37.58939393939394,11.52106060606061,3.898484848484849e-06,100.3909090909091,2.378181818181818,37.47063272612871,258.2051889522149,1.203356582917679,88.9915801462966,100.0,100.0,73.7|0.0|26.3|0.0|0.0|0.0
726,705.0,73.7,0.0,26.3,0.0,0.0,0.0,6.253821723442199,2900.0,9.7,37.58939393939394,11.52106060606061,3.898484848484849e-06,100.3909090909091,2.378181818181818,38.06797377121928,247.0423315512435,0.849988915027988,55.27939186821969,100.0,100.0,73.7|0.0|26.3|0.0|0.0|0.0
727,706.0,73.7,0.0,26.3,0.0,0.0,0.0,6.769346030495157,3300.0,9.7,37.58939393939394,11.52106060606061,3.898484848484849e-06,100.3909090909091,2.378181818181818,38.15126243327793,249.8108626509515,0.7376279658719072,34.1821124154037,100.0,100.0,73.7|0.0|26.3|0.0|0.0|0.0
728,707.0,50.0,50.0,0.0,0.0,0.0,0.0,4.259323167090469,1700.0,9.7,34.8,11.8,3.5e-06,98.0,1.9,27.56323949563759,417.3203669296521,3.147513343957613,325.2510745362512,100.0,100.0,50.0|50.0|0.0|0.0|0.0|0.0
729,708.0,50.0,50.0,0.0,0.0,0.0,0.0,5.004909648522032,2100.0,9.7,34.8,11.8,3.5e-06,98.0,1.9,32.40320978156812,335.6270192496888,1.80514882785921,146.4050604539505,100.0,100.0,50.0|50.0|0.0|0.0|0.0|0.0
730,709.0,50.0,50.0,0.0,0.0,0.0,0.0,5.66763967219248,2500.0,9.7,34.8,11.8,3.5e-06,98.0,1.9,34.52329937391158,314.5575742934988,1.084643688490035,80.77686499708656,100.0,100.0,50.0|50.0|0.0|0.0|0.0|0.0
731,710.0,50.0,50.0,0.0,0.0,0.0,0.0,6.253821723442199,2900.0,9.7,34.8,11.8,3.5e-06,98.0,1.9,36.31947261844402,292.110654782386,0.8134338769845942,38.35984906408691,100.0,100.0,50.0|50.0|0.0|0.0|0.0|0.0
732,711.0,50.0,50.0,0.0,0.0,0.0,0.0,6.769346030495157,3300.0,9.7,34.8,11.8,3.5e-06,98.0,1.9,35.29867080295257,303.9813289693079,0.4072422113544292,27.45896675092085,100.0,100.0,50.0|50.0|0.0|0.0|0.0|0.0
733,712.0,58.5,25.0,16.5,0.0,0.0,0.0,4.259323167090469,1700.0,9.7,36.55,11.625,3.75e-06,99.5,2.2,29.29462319751896,394.0093854229951,3.135074521636214,290.7062705307209,100.0,100.0,58.5|25.0|16.5|0.0|0.0|0.0
734,713.0,58.5,25.0,16.5,0.0,0.0,0.0,5.004909648522032,2100.0,9.7,36.55,11.625,3.75e-06,99.5,2.2,33.79077045948718,315.4852522038434,1.699215430590042,132.435312148535,100.0,100.0,58.5|25.0|16.5|0.0|0.0|0.0
735,714.0,58.5,25.0,16.5,0.0,0.0,0.0,5.66763967219248,2500.0,9.7,36.55,11.625,3.75e-06,99.5,2.2,35.4704685170118,297.7550989042114,1.055018815011421,76.57228852087924,100.0,100.0,58.5|25.0|16.5|0.0|0.0|0.0
736,715.0,58.5,25.0,16.5,0.0,0.0,0.0,6.253821723442199,2900.0,9.7,36.55,11.625,3.75e-06,99.5,2.2,37.46909124280117,272.8509725806981,0.8030978949318534,38.16968724486566,100.0,100.0,58.5|25.0|16.5|0.0|0.0|0.0
737,716.0,58.5,25.0,16.5,0.0,0.0,0.0,6.769346030495157,3300.0,9.7,36.55,11.625,3.75e-06,99.5,2.2,36.8555121720533,284.2783190321215,0.5106342480291381,25.62994292066152,100.0,100.0,58.5|25.0|16.5|0.0|0.0|0.0
743,722.0,67.0,0.0,33.0,0.0,0.0,0.0,4.259323167090469,1700.0,9.7,38.3,11.45,4e-06,101.0,2.5,30.05944044572022,382.6708675313887,3.173417269333176,246.7989992683215,100.0,100.0,67.0|0.0|33.0|0.0|0.0|0.0
744,723.0,67.0,0.0,33.0,0.0,0.0,0.0,5.004909648522032,2100.0,9.7,38.3,11.45,4e-06,101.0,2.5,34.42027767546416,303.5079200911838,1.823784291663189,117.2961811258672,100.0,100.0,67.0|0.0|33.0|0.0|0.0|0.0
745,724.0,67.0,0.0,33.0,0.0,0.0,0.0,5.66763967219248,2500.0,9.7,38.3,11.45,4e-06,101.0,2.5,36.65225185707017,287.0385483841803,1.028660021179568,69.34043751053271,100.0,100.0,67.0|0.0|33.0|0.0|0.0|0.0
746,725.0,67.0,0.0,33.0,0.0,0.0,0.0,6.253821723442199,2900.0,9.7,38.3,11.45,4e-06,101.0,2.5,39.06755337991262,262.2598913924057,0.762074248216613,38.39659706404125,100.0,100.0,67.0|0.0|33.0|0.0|0.0|0.0
747,726.0,67.0,0.0,33.0,0.0,0.0,0.0,6.769346030495157,3300.0,9.7,38.3,11.45,4e-06,101.0,2.5,37.65500484846716,277.2855213515904,0.568075147938274,24.91908530251787,100.0,100.0,67.0|0.0|33.0|0.0|0.0|0.0
748,727.0,90.0,10.0,0.0,0.0,0.0,0.0,4.259323167090469,1700.0,9.7,33.5,13.2,1.9e-06,97.0,17.0,27.36349387147628,335.0930076082109,6.909293405039519,505.1499615031134,100.0,100.0,90.0|10.0|0.0|0.0|0.0|0.0
749,728.0,90.0,10.0,0.0,0.0,0.0,0.0,5.004909648522032,2100.0,9.7,33.5,13.2,1.9e-06,97.0,17.0,32.57041420487499,274.9798683265165,4.761405116782035,294.2237963376773,100.0,100.0,90.0|10.0|0.0|0.0|0.0|0.0
750,729.0,90.0,10.0,0.0,0.0,0.0,0.0,5.66763967219248,2500.0,9.7,33.5,13.2,1.9e-06,97.0,17.0,34.7794685728995,251.5844033298095,2.507350143277217,183.093870251977,100.0,100.0,90.0|10.0|0.0|0.0|0.0|0.0
751,730.0,90.0,10.0,0.0,0.0,0.0,0.0,6.253821723442199,2900.0,9.7,33.5,13.2,1.9e-06,97.0,17.0,36.27714496694485,233.4320317305771,1.53927998597648,122.5205788625504,100.0,100.0,90.0|10.0|0.0|0.0|0.0|0.0
752,731.0,90.0,10.0,0.0,0.0,0.0,0.0,6.769346030495157,3300.0,9.7,33.5,13.2,1.9e-06,97.0,17.0,34.56897489772369,244.9682297032685,1.224560187399383,79.20260839782324,100.0,100.0,90.0|10.0|0.0|0.0|0.0|0.0
753,732.0,91.65,5.0,0.0,3.35,0.0,0.0,4.259323167090469,1700.0,9.7,33.85530303030303,13.24060606060606,1.930454545454546e-06,96.7969696969697,16.69545454545455,27.39585024076172,332.8594250081236,7.169388716624933,487.4118368754765,100.0,100.0,91.6|5.0|0.0|3.4|0.0|0.0
754,733.0,91.65,5.0,0.0,3.35,0.0,0.0,5.004909648522032,2100.0,9.7,33.85530303030303,13.24060606060606,1.930454545454546e-06,96.7969696969697,16.69545454545455,32.54365661223354,274.1600081395166,4.887361919835491,293.5765460248884,100.0,100.0,91.6|5.0|0.0|3.4|0.0|0.0
755,734.0,91.65,5.0,0.0,3.35,0.0,0.0,5.66763967219248,2500.0,9.7,33.85530303030303,13.24060606060606,1.930454545454546e-06,96.7969696969697,16.69545454545455,34.39165143064812,252.6202937272719,2.546060028534888,185.5916025492901,100.0,100.0,91.6|5.0|0.0|3.4|0.0|0.0
756,735.0,91.65,5.0,0.0,3.35,0.0,0.0,6.253821723442199,2900.0,9.7,33.85530303030303,13.24060606060606,1.930454545454546e-06,96.7969696969697,16.69545454545455,35.71663340420685,231.8307329409326,1.649274946194373,127.6220856695545,100.0,100.0,91.6|5.0|0.0|3.4|0.0|0.0
757,736.0,91.65,5.0,0.0,3.35,0.0,0.0,6.769346030495157,3300.0,9.7,33.85530303030303,13.24060606060606,1.930454545454546e-06,96.7969696969697,16.69545454545455,34.78168935937981,243.2385798274123,1.228265414090029,81.3452273173957,100.0,100.0,91.6|5.0|0.0|3.4|0.0|0.0
758,737.0,92.5,2.5,0.0,5.0,0.0,0.0,4.259323167090469,1700.0,9.7,34.03030303030303,13.26060606060606,1.945454545454545e-06,96.6969696969697,16.54545454545455,27.33819864300994,334.6112482185231,7.075807739351793,492.8792162733851,100.0,100.0,92.5|2.5|0.0|5.0|0.0|0.0
759,738.0,92.5,2.5,0.0,5.0,0.0,0.0,5.004909648522032,2100.0,9.7,34.03030303030303,13.26060606060606,1.945454545454545e-06,96.6969696969697,16.54545454545455,32.22735269622817,271.4792987243425,4.979470721852706,295.6541270182518,100.0,100.0,92.5|2.5|0.0|5.0|0.0|0.0
760,739.0,92.5,2.5,0.0,5.0,0.0,0.0,5.66763967219248,2500.0,9.7,34.03030303030303,13.26060606060606,1.945454545454545e-06,96.6969696969697,16.54545454545455,34.04228471724736,250.5413536447514,2.658654624911812,186.3941874247422,100.0,100.0,92.5|2.5|0.0|5.0|0.0|0.0
761,740.0,92.5,2.5,0.0,5.0,0.0,0.0,6.253821723442199,2900.0,9.7,34.03030303030303,13.26060606060606,1.945454545454545e-06,96.6969696969697,16.54545454545455,36.06458799456097,229.7133568230247,1.7081426901887,130.2126644814086,100.0,100.0,92.5|2.5|0.0|5.0|0.0|0.0
762,741.0,92.5,2.5,0.0,5.0,0.0,0.0,6.769346030495157,3300.0,9.7,34.03030303030303,13.26060606060606,1.945454545454545e-06,96.6969696969697,16.54545454545455,34.76421368004094,244.4622428405409,1.271336079922092,84.78457984026265,100.0,100.0,92.5|2.5|0.0|5.0|0.0|0.0
763,742.0,93.35,0.0,0.0,6.65,0.0,0.0,4.259323167090469,1700.0,9.7,34.20530303030303,13.28060606060606,1.960454545454545e-06,96.5969696969697,16.39545454545454,27.52925725311599,340.2287644022207,7.150396072969197,492.1019066571982,100.0,100.0,93.4|0.0|0.0|6.6|0.0|0.0
764,743.0,93.35,0.0,0.0,6.65,0.0,0.0,5.004909648522032,2100.0,9.7,34.20530303030303,13.28060606060606,1.960454545454545e-06,96.5969696969697,16.39545454545454,32.21692797712416,275.8752136706146,4.98382233656259,294.9606380310238,100.0,100.0,93.4|0.0|0.0|6.6|0.0|0.0
765,744.0,93.35,0.0,0.0,6.65,0.0,0.0,5.66763967219248,2500.0,9.7,34.20530303030303,13.28060606060606,1.960454545454545e-06,96.5969696969697,16.39545454545454,34.10259569571613,251.2229890165949,2.69380283706703,187.1935106374378,100.0,100.0,93.4|0.0|0.0|6.6|0.0|0.0
766,745.0,93.35,0.0,0.0,6.65,0.0,0.0,6.253821723442199,2900.0,9.7,34.20530303030303,13.28060606060606,1.960454545454545e-06,96.5969696969697,16.39545454545454,36.39097152665623,226.6073468500214,1.733473873947334,134.4459607712409,100.0,100.0,93.4|0.0|0.0|6.6|0.0|0.0
767,746.0,93.35,0.0,0.0,6.65,0.0,0.0,6.769346030495157,3300.0,9.7,34.20530303030303,13.28060606060606,1.960454545454545e-06,96.5969696969697,16.39545454545454,34.41926250837277,246.9655207699494,1.308311301160606,89.69804410084305,100.0,100.0,93.4|0.0|0.0|6.6|0.0|0.0
768,747.0,80.0,20.0,0.0,0.0,0.0,0.0,4.259323167090469,1700.0,9.7,33.5,13.2,1.9e-06,97.0,17.0,28.87148228696741,329.2370905220879,6.228677345994396,469.9146005384591,100.0,100.0,80.0|20.0|0.0|0.0|0.0|0.0
769,748.0,80.0,20.0,0.0,0.0,0.0,0.0,5.004909648522032,2100.0,9.7,33.5,13.2,1.9e-06,97.0,17.0,34.73285713333276,260.8004907883129,3.949475023861571,272.9274193030813,100.0,100.0,80.0|20.0|0.0|0.0|0.0|0.0
770,749.0,80.0,20.0,0.0,0.0,0.0,0.0,5.66763967219248,2500.0,9.7,33.5,13.2,1.9e-06,97.0,17.0,35.50734705316069,245.4496691959286,1.980724621223141,164.230697709728,100.0,100.0,80.0|20.0|0.0|0.0|0.0|0.0
771,750.0,80.0,20.0,0.0,0.0,0.0,0.0,6.253821723442199,2900.0,9.7,33.5,13.2,1.9e-06,97.0,17.0,37.00388685216698,229.5991821608447,1.306542135432162,105.876793364377,100.0,100.0,80.0|20.0|0.0|0.0|0.0|0.0
772,751.0,80.0,20.0,0.0,0.0,0.0,0.0,6.769346030495157,3300.0,9.7,33.5,13.2,1.9e-06,97.0,17.0,35.92581703218003,243.5258507927762,1.07834937096389,73.01824602260407,100.0,100.0,80.0|20.0|0.0|0.0|0.0|0.0
773,752.0,83.39833983398341,10.001000100010003,0.0,6.6006600660066015,0.0,0.0,4.259323167090469,1700.0,9.7,34.2,13.28,1.96e-06,96.6,16.4,28.91981934721444,323.2172396719168,6.115206293877633,460.5321789876332,99.99,100.00000000000001,83.4|10.0|0.0|6.6|0.0|0.0
774,753.0,83.39833983398341,10.001000100010003,0.0,6.6006600660066015,0.0,0.0,5.004909648522032,2100.0,9.7,34.2,13.28,1.96e-06,96.6,16.4,35.14454413245103,259.089953099054,4.061215046322892,265.0919570538264,99.99,100.00000000000001,83.4|10.0|0.0|6.6|0.0|0.0
775,754.0,83.39833983398341,10.001000100010003,0.0,6.6006600660066015,0.0,0.0,5.66763967219248,2500.0,9.7,34.2,13.28,1.96e-06,96.6,16.4,35.75118964775641,240.8370018613743,1.995050613361402,163.5760848893242,99.99,100.00000000000001,83.4|10.0|0.0|6.6|0.0|0.0
776,755.0,83.39833983398341,10.001000100010003,0.0,6.6006600660066015,0.0,0.0,6.253821723442199,2900.0,9.7,34.2,13.28,1.96e-06,96.6,16.4,37.43904833456287,224.2550079617509,1.292129864966413,102.0155225443172,99.99,100.00000000000001,83.4|10.0|0.0|6.6|0.0|0.0
777,756.0,83.39833983398341,10.001000100010003,0.0,6.6006600660066015,0.0,0.0,6.769346030495157,3300.0,9.7,34.2,13.28,1.96e-06,96.6,16.4,36.16290266670077,239.1639985982037,1.086731528527265,71.45472933712145,99.99,100.00000000000001,83.4|10.0|0.0|6.6|0.0|0.0
778,757.0,85.0,5.0,0.0,10.0,0.0,0.0,4.259323167090469,1700.0,9.7,34.56060606060606,13.32121212121212,1.990909090909091e-06,96.39393939393939,16.09090909090909,29.14986812089382,320.0401978777779,6.287833144472446,441.6711820015249,100.0,100.0,85.0|5.0|0.0|10.0|0.0|0.0
779,758.0,85.0,5.0,0.0,10.0,0.0,0.0,5.004909648522032,2100.0,9.7,34.56060606060606,13.32121212121212,1.990909090909091e-06,96.39393939393939,16.09090909090909,35.03428517278974,258.1531483792649,4.124608165720687,259.527949752385,100.0,100.0,85.0|5.0|0.0|10.0|0.0|0.0
780,759.0,85.0,5.0,0.0,10.0,0.0,0.0,5.66763967219248,2500.0,9.7,34.56060606060606,13.32121212121212,1.990909090909091e-06,96.39393939393939,16.09090909090909,36.10012853054614,240.7322078388182,2.056478513180305,156.4836239380469,100.0,100.0,85.0|5.0|0.0|10.0|0.0|0.0
781,760.0,85.0,5.0,0.0,10.0,0.0,0.0,6.253821723442199,2900.0,9.7,34.56060606060606,13.32121212121212,1.990909090909091e-06,96.39393939393939,16.09090909090909,37.00810369855771,220.3906779485132,1.326971451789487,104.1067846504456,100.0,100.0,85.0|5.0|0.0|10.0|0.0|0.0
782,761.0,85.0,5.0,0.0,10.0,0.0,0.0,6.769346030495157,3300.0,9.7,34.56060606060606,13.32121212121212,1.990909090909091e-06,96.39393939393939,16.09090909090909,35.8369915316599,240.6700978966582,1.087960302250596,74.53432127635384,100.0,100.0,85.0|5.0|0.0|10.0|0.0|0.0
783,762.0,86.81,0.0,0.0,13.19,0.0,0.0,4.259323167090469,1700.0,9.7,34.89893939393939,13.35987878787879,2.019909090909091e-06,96.20060606060606,15.80090909090909,29.07933164197691,327.2434388431195,6.288079892841631,437.9670234748177,100.0,100.0,86.8|0.0|0.0|13.2|0.0|0.0
784,763.0,86.81,0.0,0.0,13.19,0.0,0.0,5.004909648522032,2100.0,9.7,34.89893939393939,13.35987878787879,2.019909090909091e-06,96.20060606060606,15.80090909090909,35.04292372614913,258.6961897448468,4.149713541639764,261.865435927587,100.0,100.0,86.8|0.0|0.0|13.2|0.0|0.0
785,764.0,86.81,0.0,0.0,13.19,0.0,0.0,5.66763967219248,2500.0,9.7,34.89893939393939,13.35987878787879,2.019909090909091e-06,96.20060606060606,15.80090909090909,35.58083793103153,236.5506213741883,2.131091925713423,155.2043704535187,100.0,100.0,86.8|0.0|0.0|13.2|0.0|0.0
786,765.0,86.81,0.0,0.0,13.19,0.0,0.0,6.253821723442199,2900.0,9.7,34.89893939393939,13.35987878787879,2.019909090909091e-06,96.20060606060606,15.80090909090909,37.31994336591,225.4847322409497,1.348445949925355,104.3191354347919,100.0,100.0,86.8|0.0|0.0|13.2|0.0|0.0
787,766.0,86.81,0.0,0.0,13.19,0.0,0.0,6.769346030495157,3300.0,9.7,34.89893939393939,13.35987878787879,2.019909090909091e-06,96.20060606060606,15.80090909090909,36.81703064023546,234.9139462175063,1.106656688753287,77.30922910745596,100.0,100.0,86.8|0.0|0.0|13.2|0.0|0.0
788,767.0,70.0,30.0,0.0,0.0,0.0,0.0,4.259323167090469,1700.0,9.7,33.5,13.2,1.9e-06,97.0,17.0,30.77376679556585,347.9441977460726,5.006058111414408,438.122061386117,100.0,100.0,70.0|30.0|0.0|0.0|0.0|0.0
789,768.0,70.0,30.0,0.0,0.0,0.0,0.0,5.004909648522032,2100.0,9.7,33.5,13.2,1.9e-06,97.0,17.0,36.07144847128612,276.269888491751,3.243622097308323,234.0396171104605,100.0,100.0,70.0|30.0|0.0|0.0|0.0|0.0
790,769.0,70.0,30.0,0.0,0.0,0.0,0.0,5.66763967219248,2500.0,9.7,33.5,13.2,1.9e-06,97.0,17.0,37.48629509321562,252.5415298093042,1.522944481280817,131.6765506899991,100.0,100.0,70.0|30.0|0.0|0.0|0.0|0.0
791,770.0,70.0,30.0,0.0,0.0,0.0,0.0,6.253821723442199,2900.0,9.7,33.5,13.2,1.9e-06,97.0,17.0,39.60904526736289,236.6848929557644,1.167078364090347,85.39996245494712,100.0,100.0,70.0|30.0|0.0|0.0|0.0|0.0
792,771.0,70.0,30.0,0.0,0.0,0.0,0.0,6.769346030495157,3300.0,9.7,33.5,13.2,1.9e-06,97.0,17.0,38.202444172025,255.0765272588652,0.9004486088846674,54.66404484620927,100.0,100.0,70.0|30.0|0.0|0.0|0.0|0.0
793,772.0,75.0,15.0,0.0,10.0,0.0,0.0,4.259323167090469,1700.0,9.7,34.56060606060606,13.32121212121212,1.990909090909091e-06,96.39393939393939,16.09090909090909,30.92678206740333,341.0700407151487,4.9411170461889,411.4190619729334,100.0,100.0,75.0|15.0|0.0|10.0|0.0|0.0
794,773.0,75.0,15.0,0.0,10.0,0.0,0.0,5.004909648522032,2100.0,9.7,34.56060606060606,13.32121212121212,1.990909090909091e-06,96.39393939393939,16.09090909090909,36.82364871818822,271.4096716615222,3.307208248499099,220.0168192134258,100.0,100.0,75.0|15.0|0.0|10.0|0.0|0.0
795,774.0,75.0,15.0,0.0,10.0,0.0,0.0,5.66763967219248,2500.0,9.7,34.56060606060606,13.32121212121212,1.990909090909091e-06,96.39393939393939,16.09090909090909,37.89426296727962,248.9580716650877,1.588545466754234,129.5127899204596,100.0,100.0,75.0|15.0|0.0|10.0|0.0|0.0
796,775.0,75.0,15.0,0.0,10.0,0.0,0.0,6.253821723442199,2900.0,9.7,34.56060606060606,13.32121212121212,1.990909090909091e-06,96.39393939393939,16.09090909090909,39.62829607000369,234.4505666860602,1.162272999805902,81.64548162120548,100.0,100.0,75.0|15.0|0.0|10.0|0.0|0.0
797,776.0,75.0,15.0,0.0,10.0,0.0,0.0,6.769346030495157,3300.0,9.7,34.56060606060606,13.32121212121212,1.990909090909091e-06,96.39393939393939,16.09090909090909,39.25130248885264,243.796378564815,0.8864586754092628,52.99552962896545,100.0,100.0,75.0|15.0|0.0|10.0|0.0|0.0
798,777.0,77.7,7.5,0.0,14.8,0.0,0.0,4.259323167090469,1700.0,9.7,35.06969696969697,13.37939393939394,2.034545454545455e-06,96.10303030303031,15.65454545454545,31.38956142897932,336.1673101741209,4.98312059376843,397.3315345034604,100.0,100.0,77.7|7.5|0.0|14.8|0.0|0.0
799,778.0,77.7,7.5,0.0,14.8,0.0,0.0,5.004909648522032,2100.0,9.7,35.06969696969697,13.37939393939394,2.034545454545455e-06,96.10303030303031,15.65454545454545,36.02317242444819,273.0404414999845,3.470541318763505,216.3178362713579,100.0,100.0,77.7|7.5|0.0|14.8|0.0|0.0
800,779.0,77.7,7.5,0.0,14.8,0.0,0.0,5.66763967219248,2500.0,9.7,35.06969696969697,13.37939393939394,2.034545454545455e-06,96.10303030303031,15.65454545454545,37.74630583000517,250.031286042262,1.612777695925441,127.9932353882955,100.0,100.0,77.7|7.5|0.0|14.8|0.0|0.0
801,780.0,77.7,7.5,0.0,14.8,0.0,0.0,6.253821723442199,2900.0,9.7,35.06969696969697,13.37939393939394,2.034545454545455e-06,96.10303030303031,15.65454545454545,39.39125167301913,231.997736281051,1.150982378385674,83.25114333924076,100.0,100.0,77.7|7.5|0.0|14.8|0.0|0.0
802,781.0,77.7,7.5,0.0,14.8,0.0,0.0,6.769346030495157,3300.0,9.7,35.06969696969697,13.37939393939394,2.034545454545455e-06,96.10303030303031,15.65454545454545,39.114967625435,241.3425066478767,0.899894557691288,56.06547627738205,100.0,100.0,77.7|7.5|0.0|14.8|0.0|0.0
803,782.0,80.0,0.0,0.0,20.0,0.0,0.0,4.259323167090469,1700.0,9.7,35.62121212121212,13.44242424242424,2.081818181818182e-06,95.78787878787878,15.18181818181818,30.62080131437218,330.8412088551372,5.088159261906679,392.1101973355478,100.0,100.0,80.0|0.0|0.0|20.0|0.0|0.0
804,783.0,80.0,0.0,0.0,20.0,0.0,0.0,5.004909648522032,2100.0,9.7,35.62121212121212,13.44242424242424,2.081818181818182e-06,95.78787878787878,15.18181818181818,36.75162511056362,272.2630374030982,3.428980378882881,211.4565227756173,100.0,100.0,80.0|0.0|0.0|20.0|0.0|0.0
805,784.0,80.0,0.0,0.0,20.0,0.0,0.0,5.66763967219248,2500.0,9.7,35.62121212121212,13.44242424242424,2.081818181818182e-06,95.78787878787878,15.18181818181818,37.17563111275979,243.1919697511576,1.632764361570472,129.693554979091,100.0,100.0,80.0|0.0|0.0|20.0|0.0|0.0
806,785.0,80.0,0.0,0.0,20.0,0.0,0.0,6.253821723442199,2900.0,9.7,35.62121212121212,13.44242424242424,2.081818181818182e-06,95.78787878787878,15.18181818181818,39.88528926796682,224.4645831939268,1.15660936892963,81.47496632831051,100.0,100.0,80.0|0.0|0.0|20.0|0.0|0.0
807,786.0,80.0,0.0,0.0,20.0,0.0,0.0,6.769346030495157,3300.0,9.7,35.62121212121212,13.44242424242424,2.081818181818182e-06,95.78787878787878,15.18181818181818,38.45931675069664,243.0427557758573,0.900372938356146,55.56152871747289,100.0,100.0,80.0|0.0|0.0|20.0|0.0|0.0
808,787.0,60.0,40.0,0.0,0.0,0.0,0.0,4.259323167090469,1700.0,9.7,33.5,13.2,1.9e-06,97.0,17.0,28.79133420290874,365.3599777314948,4.019191638678936,396.1780104975289,100.0,100.0,60.0|40.0|0.0|0.0|0.0|0.0
809,788.0,60.0,40.0,0.0,0.0,0.0,0.0,5.004909648522032,2100.0,9.7,33.5,13.2,1.9e-06,97.0,17.0,34.48289428189138,294.8877104524698,2.519827647917264,204.8466335087597,100.0,100.0,60.0|40.0|0.0|0.0|0.0|0.0
810,789.0,60.0,40.0,0.0,0.0,0.0,0.0,5.66763967219248,2500.0,9.7,33.5,13.2,1.9e-06,97.0,17.0,35.21333998646826,282.4086858845085,1.353130242607094,104.5126143043917,100.0,100.0,60.0|40.0|0.0|0.0|0.0|0.0
811,790.0,60.0,40.0,0.0,0.0,0.0,0.0,6.253821723442199,2900.0,9.7,33.5,13.2,1.9e-06,97.0,17.0,36.73836064438437,275.8202488684636,0.9547685847996122,60.96042349998919,100.0,100.0,60.0|40.0|0.0|0.0|0.0|0.0
812,791.0,60.0,40.0,0.0,0.0,0.0,0.0,6.769346030495157,3300.0,9.7,33.5,13.2,1.9e-06,97.0,17.0,35.9522771098045,280.1113421603619,0.793981600933636,39.7601436713195,100.0,100.0,60.0|40.0|0.0|0.0|0.0|0.0
813,792.0,67.0,20.0,0.0,13.0,0.0,0.0,4.259323167090469,1700.0,9.7,34.87878787878788,13.35757575757576,2.018181818181818e-06,96.21212121212122,15.81818181818182,28.2586218605868,360.2522540932204,3.903975888745768,366.688682796697,100.0,100.0,67.0|20.0|0.0|13.0|0.0|0.0
814,793.0,67.0,20.0,0.0,13.0,0.0,0.0,5.004909648522032,2100.0,9.7,34.87878787878788,13.35757575757576,2.018181818181818e-06,96.21212121212122,15.81818181818182,35.64975606690774,284.9252657205603,2.556047969298636,192.4129106626733,100.0,100.0,67.0|20.0|0.0|13.0|0.0|0.0
815,794.0,67.0,20.0,0.0,13.0,0.0,0.0,5.66763967219248,2500.0,9.7,34.87878787878788,13.35757575757576,2.018181818181818e-06,96.21212121212122,15.81818181818182,36.28345162665433,277.5014163099227,1.281830019148992,102.1699570575803,100.0,100.0,67.0|20.0|0.0|13.0|0.0|0.0
816,795.0,67.0,20.0,0.0,13.0,0.0,0.0,6.253821723442199,2900.0,9.7,34.87878787878788,13.35757575757576,2.018181818181818e-06,96.21212121212122,15.81818181818182,38.00282811613761,262.2489595596302,0.9111840442586575,61.30435617173406,100.0,100.0,67.0|20.0|0.0|13.0|0.0|0.0
817,796.0,67.0,20.0,0.0,13.0,0.0,0.0,6.769346030495157,3300.0,9.7,34.87878787878788,13.35757575757576,2.018181818181818e-06,96.21212121212122,15.81818181818182,36.65738149469356,268.3777082724546,0.7676826488906163,39.52386311217471,100.0,100.0,67.0|20.0|0.0|13.0|0.0|0.0
818,797.0,70.0,10.0,0.0,20.0,0.0,0.0,4.259323167090469,1700.0,9.7,35.62121212121212,13.44242424242424,2.081818181818182e-06,95.78787878787878,15.18181818181818,29.39128577726378,360.3771457824388,3.874163682562477,350.8110793436586,100.0,100.0,70.0|10.0|0.0|20.0|0.0|0.0
819,798.0,70.0,10.0,0.0,20.0,0.0,0.0,5.004909648522032,2100.0,9.7,35.62121212121212,13.44242424242424,2.081818181818182e-06,95.78787878787878,15.18181818181818,35.56532241043399,282.7751693650587,2.590780606499155,181.5576653504851,100.0,100.0,70.0|10.0|0.0|20.0|0.0|0.0
820,799.0,70.0,10.0,0.0,20.0,0.0,0.0,5.66763967219248,2500.0,9.7,35.62121212121212,13.44242424242424,2.081818181818182e-06,95.78787878787878,15.18181818181818,37.02789803908414,268.85871488594,1.276134719517705,97.66604069259837,100.0,100.0,70.0|10.0|0.0|20.0|0.0|0.0
821,800.0,70.0,10.0,0.0,20.0,0.0,0.0,6.253821723442199,2900.0,9.7,35.62121212121212,13.44242424242424,2.081818181818182e-06,95.78787878787878,15.18181818181818,38.06138228214876,259.3282018746619,0.9028514038233886,62.92172365187496,100.0,100.0,70.0|10.0|0.0|20.0|0.0|0.0
822,801.0,70.0,10.0,0.0,20.0,0.0,0.0,6.769346030495157,3300.0,9.7,35.62121212121212,13.44242424242424,2.081818181818182e-06,95.78787878787878,15.18181818181818,36.79993007530528,264.7102613020917,0.753593470445693,38.78814271730639,100.0,100.0,70.0|10.0|0.0|20.0|0.0|0.0
823,802.0,73.7,0.0,0.0,26.3,0.0,0.0,4.259323167090469,1700.0,9.7,36.28939393939394,13.51878787878788,2.139090909090909e-06,95.4060606060606,14.60909090909091,29.68791600928457,355.7192759167428,3.839094209808826,330.7606505634676,100.0,100.0,73.7|0.0|0.0|26.3|0.0|0.0
824,803.0,73.7,0.0,0.0,26.3,0.0,0.0,5.004909648522032,2100.0,9.7,36.28939393939394,13.51878787878788,2.139090909090909e-06,95.4060606060606,14.60909090909091,35.71315173616291,277.3434344212313,2.628571456819562,174.7504805607024,100.0,100.0,73.7|0.0|0.0|26.3|0.0|0.0
825,804.0,73.7,0.0,0.0,26.3,0.0,0.0,5.66763967219248,2500.0,9.7,36.28939393939394,13.51878787878788,2.139090909090909e-06,95.4060606060606,14.60909090909091,37.27339226291707,263.0867655152812,1.251866040714155,96.54926001844998,100.0,100.0,73.7|0.0|0.0|26.3|0.0|0.0
826,805.0,73.7,0.0,0.0,26.3,0.0,0.0,6.253821723442199,2900.0,9.7,36.28939393939394,13.51878787878788,2.139090909090909e-06,95.4060606060606,14.60909090909091,38.21507082658205,256.8525287422935,0.8860992297649474,63.37339649280842,100.0,100.0,73.7|0.0|0.0|26.3|0.0|0.0
827,806.0,73.7,0.0,0.0,26.3,0.0,0.0,6.769346030495157,3300.0,9.7,36.28939393939394,13.51878787878788,2.139090909090909e-06,95.4060606060606,14.60909090909091,37.68823946955632,262.0425234679981,0.7739733618317067,37.74834236532994,100.0,100.0,73.7|0.0|0.0|26.3|0.0|0.0
828,807.0,50.0,50.0,0.0,0.0,0.0,0.0,4.259323167090469,1700.0,9.7,33.5,13.2,1.9e-06,97.0,17.0,26.88304553611791,420.3873904382513,3.327852250147375,363.2014286574656,100.0,100.0,50.0|50.0|0.0|0.0|0.0|0.0
829,808.0,50.0,50.0,0.0,0.0,0.0,0.0,5.004909648522032,2100.0,9.7,33.5,13.2,1.9e-06,97.0,17.0,31.93304488651048,339.6456722231766,1.861720966149565,156.9050871164726,100.0,100.0,50.0|50.0|0.0|0.0|0.0|0.0
830,809.0,50.0,50.0,0.0,0.0,0.0,0.0,5.66763967219248,2500.0,9.7,33.5,13.2,1.9e-06,97.0,17.0,33.26873924830437,316.2603792340975,1.103604450825607,90.18290022473285,100.0,100.0,50.0|50.0|0.0|0.0|0.0|0.0
831,810.0,50.0,50.0,0.0,0.0,0.0,0.0,6.253821723442199,2900.0,9.7,33.5,13.2,1.9e-06,97.0,17.0,35.35917142497341,293.3481252541008,0.8623244497271733,41.87832744769307,100.0,100.0,50.0|50.0|0.0|0.0|0.0|0.0
832,811.0,50.0,50.0,0.0,0.0,0.0,0.0,6.769346030495157,3300.0,9.7,33.5,13.2,1.9e-06,97.0,17.0,34.87989280948803,306.4889466180938,0.4255893169777048,29.50939252922551,100.0,100.0,50.0|50.0|0.0|0.0|0.0|0.0
833,812.0,58.5,25.0,0.0,16.5,0.0,0.0,4.259323167090469,1700.0,9.7,35.25,13.4,2.05e-06,96.0,15.5,28.53405384560544,406.7168026177309,3.240350624930697,315.577498171824,100.0,100.0,58.5|25.0|0.0|16.5|0.0|0.0
834,813.0,58.5,25.0,0.0,16.5,0.0,0.0,5.004909648522032,2100.0,9.7,35.25,13.4,2.05e-06,96.0,15.5,33.2166267049156,323.2957758826653,1.782750831163337,143.6859328857919,100.0,100.0,58.5|25.0|0.0|16.5|0.0|0.0
835,814.0,58.5,25.0,0.0,16.5,0.0,0.0,5.66763967219248,2500.0,9.7,35.25,13.4,2.05e-06,96.0,15.5,34.9329631116627,307.7468964983572,1.09426332974739,83.04820293728709,100.0,100.0,58.5|25.0|0.0|16.5|0.0|0.0
836,815.0,58.5,25.0,0.0,16.5,0.0,0.0,6.253821723442199,2900.0,9.7,35.25,13.4,2.05e-06,96.0,15.5,36.97097266248649,281.4085100065141,0.8124967527999981,41.87119640643817,100.0,100.0,58.5|25.0|0.0|16.5|0.0|0.0
837,816.0,58.5,25.0,0.0,16.5,0.0,0.0,6.769346030495157,3300.0,9.7,35.25,13.4,2.05e-06,96.0,15.5,35.96800375424272,291.89421597551,0.5380462980386022,28.50047563309822,100.0,100.0,58.5|25.0|0.0|16.5|0.0|0.0
843,822.0,67.0,0.0,0.0,33.0,0.0,0.0,4.259323167090469,1700.0,9.7,37.0,13.6,2.2e-06,95.0,14.0,29.39296717401553,400.5302716411165,3.312951089293952,277.6284136924094,100.0,100.0,67.0|0.0|0.0|33.0|0.0|0.0
844,823.0,67.0,0.0,0.0,33.0,0.0,0.0,5.004909648522032,2100.0,9.7,37.0,13.6,2.2e-06,95.0,14.0,34.0691215841734,314.8871164959418,1.890818560486823,133.6737061525903,100.0,100.0,67.0|0.0|0.0|33.0|0.0|0.0
845,824.0,67.0,0.0,0.0,33.0,0.0,0.0,5.66763967219248,2500.0,9.7,37.0,13.6,2.2e-06,95.0,14.0,36.37549645704247,293.8822291895071,1.053811623419203,77.11133022665092,100.0,100.0,67.0|0.0|0.0|33.0|0.0|0.0
846,825.0,67.0,0.0,0.0,33.0,0.0,0.0,6.253821723442199,2900.0,9.7,37.0,13.6,2.2e-06,95.0,14.0,37.77187598623387,271.6176672120683,0.7794437712704012,42.73081515158672,100.0,100.0,67.0|0.0|0.0|33.0|0.0|0.0
847,826.0,67.0,0.0,0.0,33.0,0.0,0.0,6.769346030495157,3300.0,9.7,37.0,13.6,2.2e-06,95.0,14.0,36.37798002401424,286.4689113252049,0.5896641403650257,27.26691449816903,100.0,100.0,67.0|0.0|0.0|33.0|0.0|0.0
948,927.0,90.0,10.0,0.0,0.0,0.0,0.0,4.259323167090469,1700.0,9.7,38.5,12.4,2.3e-06,93.0,1.2,29.65936115748222,323.350641030092,6.282943233712896,415.5728194892814,100.0,100.0,90.0|10.0|0.0|0.0|0.0|0.0
949,928.0,90.0,10.0,0.0,0.0,0.0,0.0,5.004909648522032,2100.0,9.7,38.5,12.4,2.3e-06,93.0,1.2,34.36928589495356,263.8077341254518,4.173502138500556,241.2312002979682,100.0,100.0,90.0|10.0|0.0|0.0|0.0|0.0
950,929.0,90.0,10.0,0.0,0.0,0.0,0.0,5.66763967219248,2500.0,9.7,38.5,12.4,2.3e-06,93.0,1.2,37.33266983499858,240.1065872240031,2.196105482883,151.6048807878315,100.0,100.0,90.0|10.0|0.0|0.0|0.0|0.0
951,930.0,90.0,10.0,0.0,0.0,0.0,0.0,6.253821723442199,2900.0,9.7,38.5,12.4,2.3e-06,93.0,1.2,37.77467798630382,222.3165754414224,1.33938121239934,102.8153926204882,100.0,100.0,90.0|10.0|0.0|0.0|0.0|0.0
952,931.0,90.0,10.0,0.0,0.0,0.0,0.0,6.769346030495157,3300.0,9.7,38.5,12.4,2.3e-06,93.0,1.2,36.39075868040986,234.5695871600593,1.104070303049995,64.87303791706212,100.0,100.0,90.0|10.0|0.0|0.0|0.0|0.0
953,932.0,91.65,5.0,0.0,0.0,0.0,3.35,4.259323167090469,1700.0,9.7,38.80454545454545,12.33909090909091,2.340606060606061e-06,93.60909090909091,1.301515151515152,29.9396991943881,325.4118735773828,6.106387385644141,406.470618701021,100.0,100.0,91.6|5.0|0.0|0.0|0.0|3.4
954,933.0,91.65,5.0,0.0,0.0,0.0,3.35,5.004909648522032,2100.0,9.7,38.80454545454545,12.33909090909091,2.340606060606061e-06,93.60909090909091,1.301515151515152,34.5261358309025,261.9504114600858,4.305382763467782,242.5703498087753,100.0,100.0,91.6|5.0|0.0|0.0|0.0|3.4
955,934.0,91.65,5.0,0.0,0.0,0.0,3.35,5.66763967219248,2500.0,9.7,38.80454545454545,12.33909090909091,2.340606060606061e-06,93.60909090909091,1.301515151515152,36.23391297472401,239.3643658792928,2.231152295149156,158.0285658750487,100.0,100.0,91.6|5.0|0.0|0.0|0.0|3.4
956,935.0,91.65,5.0,0.0,0.0,0.0,3.35,6.253821723442199,2900.0,9.7,38.80454545454545,12.33909090909091,2.340606060606061e-06,93.60909090909091,1.301515151515152,38.59596796630461,221.0538445076059,1.451238164657974,106.6607427897351,100.0,100.0,91.6|5.0|0.0|0.0|0.0|3.4
957,936.0,91.65,5.0,0.0,0.0,0.0,3.35,6.769346030495157,3300.0,9.7,38.80454545454545,12.33909090909091,2.340606060606061e-06,93.60909090909091,1.301515151515152,36.64143242927906,234.8751135049533,1.100885579183315,68.58615344553795,100.0,100.0,91.6|5.0|0.0|0.0|0.0|3.4
958,937.0,92.5,2.5,0.0,0.0,0.0,5.0,4.259323167090469,1700.0,9.7,38.95454545454545,12.30909090909091,2.360606060606061e-06,93.9090909090909,1.351515151515152,29.98856210623311,321.843718713223,6.192907821346754,413.9262094770077,100.0,100.0,92.5|2.5|0.0|0.0|0.0|5.0
959,938.0,92.5,2.5,0.0,0.0,0.0,5.0,5.004909648522032,2100.0,9.7,38.95454545454545,12.30909090909091,2.360606060606061e-06,93.9090909090909,1.351515151515152,34.54739828495777,260.3359145098045,4.421523747084061,248.6916564769283,100.0,100.0,92.5|2.5|0.0|0.0|0.0|5.0
960,939.0,92.5,2.5,0.0,0.0,0.0,5.0,5.66763967219248,2500.0,9.7,38.95454545454545,12.30909090909091,2.360606060606061e-06,93.9090909090909,1.351515151515152,36.62731804544892,235.7877449120833,2.29743715354688,155.6981437429963,100.0,100.0,92.5|2.5|0.0|0.0|0.0|5.0
961,940.0,92.5,2.5,0.0,0.0,0.0,5.0,6.253821723442199,2900.0,9.7,38.95454545454545,12.30909090909091,2.360606060606061e-06,93.9090909090909,1.351515151515152,38.35028731881325,216.5953101487073,1.509645463643437,107.008922960656,100.0,100.0,92.5|2.5|0.0|0.0|0.0|5.0
962,941.0,92.5,2.5,0.0,0.0,0.0,5.0,6.769346030495157,3300.0,9.7,38.95454545454545,12.30909090909091,2.360606060606061e-06,93.9090909090909,1.351515151515152,37.07704870885771,236.3961791886376,1.125587068625765,71.56868157389871,100.0,100.0,92.5|2.5|0.0|0.0|0.0|5.0
963,942.0,93.35,0.0,0.0,0.0,0.0,6.65,4.259323167090469,1700.0,9.7,39.10454545454545,12.27909090909091,2.380606060606061e-06,94.2090909090909,1.401515151515151,29.62990645587151,324.9211078823731,6.108643685448788,399.5645865143007,100.0,100.0,93.4|0.0|0.0|0.0|0.0|6.6
964,943.0,93.35,0.0,0.0,0.0,0.0,6.65,5.004909648522032,2100.0,9.7,39.10454545454545,12.27909090909091,2.380606060606061e-06,94.2090909090909,1.401515151515151,34.97218780871796,262.3098793227742,4.383367616286133,245.7156144683782,100.0,100.0,93.4|0.0|0.0|0.0|0.0|6.6
965,944.0,93.35,0.0,0.0,0.0,0.0,6.65,5.66763967219248,2500.0,9.7,39.10454545454545,12.27909090909091,2.380606060606061e-06,94.2090909090909,1.401515151515151,36.79074169618638,237.4975654112856,2.390281629690538,156.735142552477,100.0,100.0,93.4|0.0|0.0|0.0|0.0|6.6
966,945.0,93.35,0.0,0.0,0.0,0.0,6.65,6.253821723442199,2900.0,9.7,39.10454545454545,12.27909090909091,2.380606060606061e-06,94.2090909090909,1.401515151515151,37.90651740943454,218.4216990654389,1.544711814765679,110.3055374855354,100.0,100.0,93.4|0.0|0.0|0.0|0.0|6.6
967,946.0,93.35,0.0,0.0,0.0,0.0,6.65,6.769346030495157,3300.0,9.7,39.10454545454545,12.27909090909091,2.380606060606061e-06,94.2090909090909,1.401515151515151,36.79199937786079,233.7126758722252,1.127504148100025,74.54588904736723,100.0,100.0,93.4|0.0|0.0|0.0|0.0|6.6
968,947.0,80.0,20.0,0.0,0.0,0.0,0.0,4.259323167090469,1700.0,9.7,38.5,12.4,2.3e-06,93.0,1.2,30.8578862073295,312.8305828081865,5.379130637127439,396.1518740368301,100.0,100.0,80.0|20.0|0.0|0.0|0.0|0.0
969,948.0,80.0,20.0,0.0,0.0,0.0,0.0,5.004909648522032,2100.0,9.7,38.5,12.4,2.3e-06,93.0,1.2,36.92272136818326,250.9825178063016,3.563603577988718,231.672618186853,100.0,100.0,80.0|20.0|0.0|0.0|0.0|0.0
970,949.0,80.0,20.0,0.0,0.0,0.0,0.0,5.66763967219248,2500.0,9.7,38.5,12.4,2.3e-06,93.0,1.2,38.35553252747074,231.0299986451739,1.761565041420966,134.4498193224802,100.0,100.0,80.0|20.0|0.0|0.0|0.0|0.0
971,950.0,80.0,20.0,0.0,0.0,0.0,0.0,6.253821723442199,2900.0,9.7,38.5,12.4,2.3e-06,93.0,1.2,39.28678524256708,215.8501915672632,1.15549835033804,89.82423938360182,100.0,100.0,80.0|20.0|0.0|0.0|0.0|0.0
972,951.0,80.0,20.0,0.0,0.0,0.0,0.0,6.769346030495157,3300.0,9.7,38.5,12.4,2.3e-06,93.0,1.2,37.77418414509008,227.9444265835636,0.9687576295897011,61.00765942426556,100.0,100.0,80.0|20.0|0.0|0.0|0.0|0.0
973,952.0,83.39833983398341,10.001000100010003,0.0,0.0,0.0,6.6006600660066015,4.259323167090469,1700.0,9.7,39.1,12.28,2.38e-06,94.2,1.4,31.05916695560518,311.8511364140246,5.309382407334462,382.9150160989061,99.99,100.00000000000001,83.4|10.0|0.0|0.0|0.0|6.6
974,953.0,83.39833983398341,10.001000100010003,0.0,0.0,0.0,6.6006600660066015,5.004909648522032,2100.0,9.7,39.1,12.28,2.38e-06,94.2,1.4,36.64468707184659,248.6489478801246,3.602878079249472,222.5299179696639,99.99,100.00000000000001,83.4|10.0|0.0|0.0|0.0|6.6
975,954.0,83.39833983398341,10.001000100010003,0.0,0.0,0.0,6.6006600660066015,5.66763967219248,2500.0,9.7,39.1,12.28,2.38e-06,94.2,1.4,37.86023821862047,226.361965624933,1.784879232153843,133.6893028057279,99.99,100.00000000000001,83.4|10.0|0.0|0.0|0.0|6.6
976,955.0,83.39833983398341,10.001000100010003,0.0,0.0,0.0,6.6006600660066015,6.253821723442199,2900.0,9.7,39.1,12.28,2.38e-06,94.2,1.4,39.75650893003748,213.7998245947513,1.13201780318737,85.56905945429524,99.99,100.00000000000001,83.4|10.0|0.0|0.0|0.0|6.6
977,956.0,83.39833983398341,10.001000100010003,0.0,0.0,0.0,6.6006600660066015,6.769346030495157,3300.0,9.7,39.1,12.28,2.38e-06,94.2,1.4,37.78720841231966,221.4701307589489,0.9512182642549525,60.91250482755132,99.99,100.00000000000001,83.4|10.0|0.0|0.0|0.0|6.6
978,957.0,85.0,5.0,0.0,0.0,0.0,10.0,4.259323167090469,1700.0,9.7,39.40909090909091,12.21818181818182,2.421212121212121e-06,94.81818181818181,1.503030303030303,31.33360885696964,307.3261824530398,5.410541735107756,362.9556552275701,100.0,100.0,85.0|5.0|0.0|0.0|0.0|10.0
979,958.0,85.0,5.0,0.0,0.0,0.0,10.0,5.004909648522032,2100.0,9.7,39.40909090909091,12.21818181818182,2.421212121212121e-06,94.81818181818181,1.503030303030303,36.53610651972119,247.1957617972612,3.632371140891501,211.3420921527279,100.0,100.0,85.0|5.0|0.0|0.0|0.0|10.0
980,959.0,85.0,5.0,0.0,0.0,0.0,10.0,5.66763967219248,2500.0,9.7,39.40909090909091,12.21818181818182,2.421212121212121e-06,94.81818181818181,1.503030303030303,38.69404825522196,230.3751455466324,1.804671480531817,129.8639309592801,100.0,100.0,85.0|5.0|0.0|0.0|0.0|10.0
981,960.0,85.0,5.0,0.0,0.0,0.0,10.0,6.253821723442199,2900.0,9.7,39.40909090909091,12.21818181818182,2.421212121212121e-06,94.81818181818181,1.503030303030303,39.38063326488441,207.7564075292971,1.168444140700716,84.17191272120543,100.0,100.0,85.0|5.0|0.0|0.0|0.0|10.0
982,961.0,85.0,5.0,0.0,0.0,0.0,10.0,6.769346030495157,3300.0,9.7,39.40909090909091,12.21818181818182,2.421212121212121e-06,94.81818181818181,1.503030303030303,38.81561677068517,223.1285041592716,0.9342489970463665,60.97470152498035,100.0,100.0,85.0|5.0|0.0|0.0|0.0|10.0
983,962.0,86.81,0.0,0.0,0.0,0.0,13.19,4.259323167090469,1700.0,9.7,39.69909090909091,12.16018181818182,2.459878787878788e-06,95.39818181818181,1.59969696969697,31.3480917581219,313.1219011222755,5.537943097126847,360.1964765957964,100.0,100.0,86.8|0.0|0.0|0.0|0.0|13.2
984,963.0,86.81,0.0,0.0,0.0,0.0,13.19,5.004909648522032,2100.0,9.7,39.69909090909091,12.16018181818182,2.459878787878788e-06,95.39818181818181,1.59969696969697,37.82243746263283,244.9678981120273,3.642298200940907,211.7544232406796,100.0,100.0,86.8|0.0|0.0|0.0|0.0|13.2
985,964.0,86.81,0.0,0.0,0.0,0.0,13.19,5.66763967219248,2500.0,9.7,39.69909090909091,12.16018181818182,2.459878787878788e-06,95.39818181818181,1.59969696969697,38.07060487909655,224.1283622611678,1.862570670707369,130.2472192908845,100.0,100.0,86.8|0.0|0.0|0.0|0.0|13.2
986,965.0,86.81,0.0,0.0,0.0,0.0,13.19,6.253821723442199,2900.0,9.7,39.69909090909091,12.16018181818182,2.459878787878788e-06,95.39818181818181,1.59969696969697,39.66214349036549,206.7782861866228,1.162841861382042,84.04085474705349,100.0,100.0,86.8|0.0|0.0|0.0|0.0|13.2
987,966.0,86.81,0.0,0.0,0.0,0.0,13.19,6.769346030495157,3300.0,9.7,39.69909090909091,12.16018181818182,2.459878787878788e-06,95.39818181818181,1.59969696969697,38.87188376667002,219.9056031210228,0.9474376771113199,60.92517095745205,100.0,100.0,86.8|0.0|0.0|0.0|0.0|13.2
988,967.0,70.0,30.0,0.0,0.0,0.0,0.0,4.259323167090469,1700.0,9.7,38.5,12.4,2.3e-06,93.0,1.2,32.39500229430633,333.1543381854979,4.423025128050527,370.5186544040947,100.0,100.0,70.0|30.0|0.0|0.0|0.0|0.0
989,968.0,70.0,30.0,0.0,0.0,0.0,0.0,5.004909648522032,2100.0,9.7,38.5,12.4,2.3e-06,93.0,1.2,37.93172754666785,267.5829433928024,2.893164156122587,194.707474225006,100.0,100.0,70.0|30.0|0.0|0.0|0.0|0.0
990,969.0,70.0,30.0,0.0,0.0,0.0,0.0,5.66763967219248,2500.0,9.7,38.5,12.4,2.3e-06,93.0,1.2,38.6115975442594,247.2232872435455,1.341740352854349,110.0105655143094,100.0,100.0,70.0|30.0|0.0|0.0|0.0|0.0
991,970.0,70.0,30.0,0.0,0.0,0.0,0.0,6.253821723442199,2900.0,9.7,38.5,12.4,2.3e-06,93.0,1.2,41.34554112895994,229.8843810042171,1.031618949286074,71.2612634783841,100.0,100.0,70.0|30.0|0.0|0.0|0.0|0.0
992,971.0,70.0,30.0,0.0,0.0,0.0,0.0,6.769346030495157,3300.0,9.7,38.5,12.4,2.3e-06,93.0,1.2,40.43074572740991,243.7340588628275,0.8102936209759424,45.57626230813266,100.0,100.0,70.0|30.0|0.0|0.0|0.0|0.0
993,972.0,75.0,15.0,0.0,0.0,0.0,10.0,4.259323167090469,1700.0,9.7,39.40909090909091,12.21818181818182,2.421212121212121e-06,94.81818181818181,1.503030303030303,33.64383095794019,323.8509055207316,4.378561742123552,346.5319442133717,100.0,100.0,75.0|15.0|0.0|0.0|0.0|10.0
994,973.0,75.0,15.0,0.0,0.0,0.0,10.0,5.004909648522032,2100.0,9.7,39.40909090909091,12.21818181818182,2.421212121212121e-06,94.81818181818181,1.503030303030303,38.86207376534148,259.3300459960217,2.852639447938819,183.2086478916946,100.0,100.0,75.0|15.0|0.0|0.0|0.0|10.0
995,974.0,75.0,15.0,0.0,0.0,0.0,10.0,5.66763967219248,2500.0,9.7,39.40909090909091,12.21818181818182,2.421212121212121e-06,94.81818181818181,1.503030303030303,40.1286888642188,241.3982691202171,1.406947747945881,105.3410436642041,100.0,100.0,75.0|15.0|0.0|0.0|0.0|10.0
996,975.0,75.0,15.0,0.0,0.0,0.0,10.0,6.253821723442199,2900.0,9.7,39.40909090909091,12.21818181818182,2.421212121212121e-06,94.81818181818181,1.503030303030303,42.1063081539692,218.3354912514985,0.9992660541010904,65.80985198972333,100.0,100.0,75.0|15.0|0.0|0.0|0.0|10.0
997,976.0,75.0,15.0,0.0,0.0,0.0,10.0,6.769346030495157,3300.0,9.7,39.40909090909091,12.21818181818182,2.421212121212121e-06,94.81818181818181,1.503030303030303,41.23628558990304,233.7116022305377,0.77739768899868,44.01207614486916,100.0,100.0,75.0|15.0|0.0|0.0|0.0|10.0
998,977.0,77.7,7.5,0.0,0.0,0.0,14.8,4.259323167090469,1700.0,9.7,39.84545454545454,12.13090909090909,2.479393939393939e-06,95.69090909090909,1.648484848484848,33.7069876793646,318.2552933407227,4.335398054392437,317.3084671284249,100.0,100.0,77.7|7.5|0.0|0.0|0.0|14.8
999,978.0,77.7,7.5,0.0,0.0,0.0,14.8,5.004909648522032,2100.0,9.7,39.84545454545454,12.13090909090909,2.479393939393939e-06,95.69090909090909,1.648484848484848,39.01150263176789,259.287353991375,2.923602189246744,174.6731363775167,100.0,100.0,77.7|7.5|0.0|0.0|0.0|14.8
1000,979.0,77.7,7.5,0.0,0.0,0.0,14.8,5.66763967219248,2500.0,9.7,39.84545454545454,12.13090909090909,2.479393939393939e-06,95.69090909090909,1.648484848484848,39.68288117840875,231.8551192740717,1.405789493119479,103.8334409808573,100.0,100.0,77.7|7.5|0.0|0.0|0.0|14.8
1001,980.0,77.7,7.5,0.0,0.0,0.0,14.8,6.253821723442199,2900.0,9.7,39.84545454545454,12.13090909090909,2.479393939393939e-06,95.69090909090909,1.648484848484848,42.17404724017961,219.9567115088132,0.9968489476245217,68.21394145932298,100.0,100.0,77.7|7.5|0.0|0.0|0.0|14.8
1002,981.0,77.7,7.5,0.0,0.0,0.0,14.8,6.769346030495157,3300.0,9.7,39.84545454545454,12.13090909090909,2.479393939393939e-06,95.69090909090909,1.648484848484848,42.04592376583848,232.154379822623,0.789408466716923,45.47397290588449,100.0,100.0,77.7|7.5|0.0|0.0|0.0|14.8
1003,982.0,80.0,0.0,0.0,0.0,0.0,20.0,4.259323167090469,1700.0,9.7,40.31818181818182,12.03636363636364,2.542424242424242e-06,96.63636363636364,1.806060606060606,33.97326855628128,316.209493184474,4.228705358585883,306.4859467441257,100.0,100.0,80.0|0.0|0.0|0.0|0.0|20.0
1004,983.0,80.0,0.0,0.0,0.0,0.0,20.0,5.004909648522032,2100.0,9.7,40.31818181818182,12.03636363636364,2.542424242424242e-06,96.63636363636364,1.806060606060606,39.52058802544848,252.8575955338232,2.948788608032714,171.0502664570947,100.0,100.0,80.0|0.0|0.0|0.0|0.0|20.0
1005,984.0,80.0,0.0,0.0,0.0,0.0,20.0,5.66763967219248,2500.0,9.7,40.31818181818182,12.03636363636364,2.542424242424242e-06,96.63636363636364,1.806060606060606,39.7699226895967,230.2206789889436,1.381252213383114,101.5218889124427,100.0,100.0,80.0|0.0|0.0|0.0|0.0|20.0
1006,985.0,80.0,0.0,0.0,0.0,0.0,20.0,6.253821723442199,2900.0,9.7,40.31818181818182,12.03636363636364,2.542424242424242e-06,96.63636363636364,1.806060606060606,43.05143617234303,212.9475870890843,0.9502208878178948,66.28094034718237,100.0,100.0,80.0|0.0|0.0|0.0|0.0|20.0
1007,986.0,80.0,0.0,0.0,0.0,0.0,20.0,6.769346030495157,3300.0,9.7,40.31818181818182,12.03636363636364,2.542424242424242e-06,96.63636363636364,1.806060606060606,40.6937705181484,224.4263630319554,0.7755172807917525,43.65354171396161,100.0,100.0,80.0|0.0|0.0|0.0|0.0|20.0
1008,987.0,60.0,40.0,0.0,0.0,0.0,0.0,4.259323167090469,1700.0,9.7,38.5,12.4,2.3e-06,93.0,1.2,30.40292214846756,359.9121350477861,3.584353736824787,330.6857974130337,100.0,100.0,60.0|40.0|0.0|0.0|0.0|0.0
1009,988.0,60.0,40.0,0.0,0.0,0.0,0.0,5.004909648522032,2100.0,9.7,38.5,12.4,2.3e-06,93.0,1.2,36.93961685449136,283.0325487967875,2.243300507207649,169.7458880329519,100.0,100.0,60.0|40.0|0.0|0.0|0.0|0.0
1010,989.0,60.0,40.0,0.0,0.0,0.0,0.0,5.66763967219248,2500.0,9.7,38.5,12.4,2.3e-06,93.0,1.2,37.67677354113658,272.7922279102045,1.191887821090617,89.24997271862455,100.0,100.0,60.0|40.0|0.0|0.0|0.0|0.0
1011,990.0,60.0,40.0,0.0,0.0,0.0,0.0,6.253821723442199,2900.0,9.7,38.5,12.4,2.3e-06,93.0,1.2,38.8127095593728,260.336105214597,0.8410545202761116,50.79147139529888,100.0,100.0,60.0|40.0|0.0|0.0|0.0|0.0
1012,991.0,60.0,40.0,0.0,0.0,0.0,0.0,6.769346030495157,3300.0,9.7,38.5,12.4,2.3e-06,93.0,1.2,38.18230450983541,264.0495471502438,0.7111748968867989,33.49074245074169,100.0,100.0,60.0|40.0|0.0|0.0|0.0|0.0
1013,992.0,67.0,20.0,0.0,0.0,0.0,13.0,4.259323167090469,1700.0,9.7,39.68181818181818,12.16363636363636,2.457575757575758e-06,95.36363636363636,1.593939393939394,30.92274919532149,347.0728886047219,3.273221168251514,297.9455173055327,100.0,100.0,67.0|20.0|0.0|0.0|0.0|13.0
1014,993.0,67.0,20.0,0.0,0.0,0.0,13.0,5.004909648522032,2100.0,9.7,39.68181818181818,12.16363636363636,2.457575757575758e-06,95.36363636363636,1.593939393939394,37.90956979369912,268.0885559387631,2.203814230080986,155.4988926397512,100.0,100.0,67.0|20.0|0.0|0.0|0.0|13.0
1015,994.0,67.0,20.0,0.0,0.0,0.0,13.0,5.66763967219248,2500.0,9.7,39.68181818181818,12.16363636363636,2.457575757575758e-06,95.36363636363636,1.593939393939394,38.27811804685582,263.8037024001316,1.109736734119603,82.99322412648803,100.0,100.0,67.0|20.0|0.0|0.0|0.0|13.0
1016,995.0,67.0,20.0,0.0,0.0,0.0,13.0,6.253821723442199,2900.0,9.7,39.68181818181818,12.16363636363636,2.457575757575758e-06,95.36363636363636,1.593939393939394,39.56678129916272,251.7885169453399,0.7803994810499796,51.24450201787212,100.0,100.0,67.0|20.0|0.0|0.0|0.0|13.0
1017,996.0,67.0,20.0,0.0,0.0,0.0,13.0,6.769346030495157,3300.0,9.7,39.68181818181818,12.16363636363636,2.457575757575758e-06,95.36363636363636,1.593939393939394,39.0428481242111,255.7413426684668,0.6810253671403322,32.13364890396202,100.0,100.0,67.0|20.0|0.0|0.0|0.0|13.0
1018,997.0,70.0,10.0,0.0,0.0,0.0,20.0,4.259323167090469,1700.0,9.7,40.31818181818182,12.03636363636364,2.542424242424242e-06,96.63636363636364,1.806060606060606,32.50324986092411,344.6918313346474,3.33194732733774,277.9716171015065,100.0,100.0,70.0|10.0|0.0|0.0|0.0|20.0
1019,998.0,70.0,10.0,0.0,0.0,0.0,20.0,5.004909648522032,2100.0,9.7,40.31818181818182,12.03636363636364,2.542424242424242e-06,96.63636363636364,1.806060606060606,38.62281208519769,265.8605486964616,2.206506037833488,144.9145193355069,100.0,100.0,70.0|10.0|0.0|0.0|0.0|20.0
1020,999.0,70.0,10.0,0.0,0.0,0.0,20.0,5.66763967219248,2500.0,9.7,40.31818181818182,12.03636363636364,2.542424242424242e-06,96.63636363636364,1.806060606060606,39.48807022694604,255.3948574820063,1.086336951393021,79.13524762500892,100.0,100.0,70.0|10.0|0.0|0.0|0.0|20.0
1021,1000.0,70.0,10.0,0.0,0.0,0.0,20.0,6.253821723442199,2900.0,9.7,40.31818181818182,12.03636363636364,2.542424242424242e-06,96.63636363636364,1.806060606060606,40.02095264199036,245.978919561152,0.7640094075487911,50.91041211982539,100.0,100.0,70.0|10.0|0.0|0.0|0.0|20.0
1022,1001.0,70.0,10.0,0.0,0.0,0.0,20.0,6.769346030495157,3300.0,9.7,40.31818181818182,12.03636363636364,2.542424242424242e-06,96.63636363636364,1.806060606060606,40.09199317287835,251.0215864899008,0.6515309058757274,30.90213998328094,100.0,100.0,70.0|10.0|0.0|0.0|0.0|20.0
1023,1002.0,90.0,10.0,0.0,0.0,0.0,0.0,4.259323167090469,1700.0,10.5,33.0,11.5,2.9e-06,96.0,2.2,28.45586497200312,316.6487129502897,6.408,435.2,100.0,100.0,90.0|10.0|0.0|0.0|0.0|0.0
1024,1003.0,90.0,10.0,0.0,0.0,0.0,0.0,5.004909648522032,2100.0,10.5,33.0,11.5,2.9e-06,96.0,2.2,34.18299355199387,258.2133665398958,4.391999999999999,255.0,100.0,100.0,90.0|10.0|0.0|0.0|0.0|0.0
1025,1004.0,90.0,10.0,0.0,0.0,0.0,0.0,5.66763967219248,2500.0,10.5,33.0,11.5,2.9e-06,96.0,2.2,36.29031598827819,237.0609971472823,2.2896,159.12,100.0,100.0,90.0|10.0|0.0|0.0|0.0|0.0
1026,1005.0,90.0,10.0,0.0,0.0,0.0,0.0,6.253821723442199,2900.0,10.5,33.0,11.5,2.9e-06,96.0,2.2,37.64551362089884,220.2650475499334,1.3968,108.12,100.0,100.0,90.0|10.0|0.0|0.0|0.0|0.0
1027,1006.0,90.0,10.0,0.0,0.0,0.0,0.0,6.769346030495157,3300.0,10.5,33.0,11.5,2.9e-06,96.0,2.2,36.01867429788435,231.5445498930934,1.1232,68.68,100.0,100.0,90.0|10.0|0.0|0.0|0.0|0.0
1028,1007.0,91.65,5.0,0.0,0.0,3.35,0.0,4.259323167090469,1700.0,10.5,33.30454545454545,11.4644696969697,2.940606060606061e-06,96.4060606060606,2.271060606060606,28.62511442006676,318.353945130258,6.469458181818182,428.7992727272728,100.0,100.0,91.6|5.0|0.0|0.0|3.4|0.0
1029,1008.0,91.65,5.0,0.0,0.0,3.35,0.0,5.004909648522032,2100.0,10.5,33.30454545454545,11.4644696969697,2.940606060606061e-06,96.4060606060606,2.271060606060606,34.17136610501886,256.3586073419535,4.487567272727272,252.7798181818182,100.0,100.0,91.6|5.0|0.0|0.0|3.4|0.0
1030,1009.0,91.65,5.0,0.0,0.0,3.35,0.0,5.66763967219248,2500.0,10.5,33.30454545454545,11.4644696969697,2.940606060606061e-06,96.4060606060606,2.271060606060606,35.97844797086439,236.0229831074312,2.300409090909091,162.7849090909091,100.0,100.0,91.6|5.0|0.0|0.0|3.4|0.0
1031,1010.0,91.65,5.0,0.0,0.0,3.35,0.0,6.253821723442199,2900.0,10.5,33.30454545454545,11.4644696969697,2.940606060606061e-06,96.4060606060606,2.271060606060606,37.41879651915831,218.489289321979,1.514730909090909,110.5084545454545,100.0,100.0,91.6|5.0|0.0|0.0|3.4|0.0
1032,1011.0,91.65,5.0,0.0,0.0,3.35,0.0,6.769346030495157,3300.0,10.5,33.30454545454545,11.4644696969697,2.940606060606061e-06,96.4060606060606,2.271060606060606,36.2140839060451,231.4535895373806,1.139587272727273,72.12827272727273,100.0,100.0,91.6|5.0|0.0|0.0|3.4|0.0
1033,1012.0,92.5,2.5,0.0,0.0,5.0,0.0,4.259323167090469,1700.0,10.5,33.45454545454545,11.4469696969697,2.960606060606061e-06,96.60606060606061,2.306060606060606,28.40964510411821,317.6727988671651,6.463745454545455,427.5363636363637,100.0,100.0,92.5|2.5|0.0|0.0|5.0|0.0
1034,1013.0,92.5,2.5,0.0,0.0,5.0,0.0,5.004909648522032,2100.0,10.5,33.45454545454545,11.4469696969697,2.960606060606061e-06,96.60606060606061,2.306060606060606,33.84421780197424,257.1456559369766,4.547781818181818,257.1745454545455,100.0,100.0,92.5|2.5|0.0|0.0|5.0|0.0
1035,1014.0,92.5,2.5,0.0,0.0,5.0,0.0,5.66763967219248,2500.0,10.5,33.45454545454545,11.4469696969697,2.960606060606061e-06,96.60606060606061,2.306060606060606,35.78427124435802,236.0626646763624,2.435309090909091,163.8345454545455,100.0,100.0,92.5|2.5|0.0|0.0|5.0|0.0
1036,1015.0,92.5,2.5,0.0,0.0,5.0,0.0,6.253821723442199,2900.0,10.5,33.45454545454545,11.4469696969697,2.960606060606061e-06,96.60606060606061,2.306060606060606,37.54977514686198,217.3195788181,1.579090909090909,114.2272727272727,100.0,100.0,92.5|2.5|0.0|0.0|5.0|0.0
1037,1016.0,92.5,2.5,0.0,0.0,5.0,0.0,6.769346030495157,3300.0,10.5,33.45454545454545,11.4469696969697,2.960606060606061e-06,96.60606060606061,2.306060606060606,36.11001347843095,230.6943181310362,1.172036363636364,74.4109090909091,100.0,100.0,92.5|2.5|0.0|0.0|5.0|0.0
1038,1017.0,93.35,0.0,0.0,0.0,6.65,0.0,4.259323167090469,1700.0,10.5,33.60454545454545,11.4294696969697,2.980606060606061e-06,96.80606060606061,2.341060606060606,28.84293931257679,317.1584143534502,6.5059,424.2162727272728,100.0,100.0,93.4|0.0|0.0|0.0|6.6|0.0
1039,1018.0,93.35,0.0,0.0,0.0,6.65,0.0,5.004909648522032,2100.0,10.5,33.60454545454545,11.4294696969697,2.980606060606061e-06,96.80606060606061,2.341060606060606,33.89515482784098,257.4769916857643,4.571525454545455,256.2034545454546,100.0,100.0,93.4|0.0|0.0|0.0|6.6|0.0
1040,1019.0,93.35,0.0,0.0,0.0,6.65,0.0,5.66763967219248,2500.0,10.5,33.60454545454545,11.4294696969697,2.980606060606061e-06,96.80606060606061,2.341060606060606,35.80183483224994,235.2206256058373,2.497987272727273,166.0816363636364,100.0,100.0,93.4|0.0|0.0|0.0|6.6|0.0
1041,1020.0,93.35,0.0,0.0,0.0,6.65,0.0,6.253821723442199,2900.0,10.5,33.60454545454545,11.4294696969697,2.980606060606061e-06,96.80606060606061,2.341060606060606,37.71517923425012,216.5815681772753,1.60734,118.4458181818182,100.0,100.0,93.4|0.0|0.0|0.0|6.6|0.0
1042,1021.0,93.35,0.0,0.0,0.0,6.65,0.0,6.769346030495157,3300.0,10.5,33.60454545454545,11.4294696969697,2.980606060606061e-06,96.80606060606061,2.341060606060606,35.82403887547111,231.0799161435746,1.196807272727273,77.891,100.0,100.0,93.4|0.0|0.0|0.0|6.6|0.0
1043,1022.0,80.0,20.0,0.0,0.0,0.0,0.0,4.259323167090469,1700.0,10.5,33.0,11.5,2.9e-06,96.0,2.2,30.43812904743426,307.9532078544262,5.616,414.12,100.0,100.0,80.0|20.0|0.0|0.0|0.0|0.0
1044,1023.0,80.0,20.0,0.0,0.0,0.0,0.0,5.004909648522032,2100.0,10.5,33.0,11.5,2.9e-06,96.0,2.2,36.08619433150601,245.7707052863969,3.6864,236.64,100.0,100.0,80.0|20.0|0.0|0.0|0.0|0.0
1045,1024.0,80.0,20.0,0.0,0.0,0.0,0.0,5.66763967219248,2500.0,10.5,33.0,11.5,2.9e-06,96.0,2.2,37.45227198789935,229.8306190830276,1.8432,142.12,100.0,100.0,80.0|20.0|0.0|0.0|0.0|0.0
1046,1025.0,80.0,20.0,0.0,0.0,0.0,0.0,6.253821723442199,2900.0,10.5,33.0,11.5,2.9e-06,96.0,2.2,38.61485072579364,214.127739900335,1.1808,91.80000000000001,100.0,100.0,80.0|20.0|0.0|0.0|0.0|0.0
1047,1026.0,80.0,20.0,0.0,0.0,0.0,0.0,6.769346030495157,3300.0,10.5,33.0,11.5,2.9e-06,96.0,2.2,37.13776798121149,227.5741935126682,0.9935999999999999,63.92,100.0,100.0,80.0|20.0|0.0|0.0|0.0|0.0
1048,1027.0,83.39833983398341,10.001000100010003,0.0,0.0,6.6006600660066015,0.0,4.259323167090469,1700.0,10.5,33.6,11.43,2.98e-06,96.8,2.34,30.43512791350186,305.9605373265368,5.651519999999999,397.992,99.99,100.00000000000001,83.4|10.0|0.0|0.0|6.6|0.0
1049,1028.0,83.39833983398341,10.001000100010003,0.0,0.0,6.6006600660066015,0.0,5.004909648522032,2100.0,10.5,33.6,11.43,2.98e-06,96.8,2.34,36.26746677409024,243.0693965560162,3.723599999999999,231.196,99.99,100.00000000000001,83.4|10.0|0.0|0.0|6.6|0.0
1050,1029.0,83.39833983398341,10.001000100010003,0.0,0.0,6.6006600660066015,0.0,5.66763967219248,2500.0,10.5,33.6,11.43,2.98e-06,96.8,2.34,37.58153427413106,228.591101153458,1.85832,141.036,99.99,100.00000000000001,83.4|10.0|0.0|0.0|6.6|0.0
1051,1030.0,83.39833983398341,10.001000100010003,0.0,0.0,6.6006600660066015,0.0,6.253821723442199,2900.0,10.5,33.6,11.43,2.98e-06,96.8,2.34,39.07479695074653,210.4307210504871,1.19016,88.872,99.99,100.00000000000001,83.4|10.0|0.0|0.0|6.6|0.0
1052,1031.0,83.39833983398341,10.001000100010003,0.0,0.0,6.6006600660066015,0.0,6.769346030495157,3300.0,10.5,33.6,11.43,2.98e-06,96.8,2.34,37.65998176659196,223.9272913819638,0.9883199999999999,63.112,99.99,100.00000000000001,83.4|10.0|0.0|0.0|6.6|0.0
1053,1032.0,85.0,5.0,0.0,0.0,10.0,0.0,4.259323167090469,1700.0,10.5,33.90909090909091,11.39393939393939,3.021212121212121e-06,97.21212121212122,2.412121212121212,30.43393909386618,306.1374250900267,5.701527272727272,390.2836363636364,100.0,100.0,85.0|5.0|0.0|0.0|10.0|0.0
1054,1033.0,85.0,5.0,0.0,0.0,10.0,0.0,5.004909648522032,2100.0,10.5,33.90909090909091,11.39393939393939,3.021212121212121e-06,97.21212121212122,2.412121212121212,36.31531238156663,245.9418853562345,3.787345454545454,227.04,100.0,100.0,85.0|5.0|0.0|0.0|10.0|0.0
1055,1034.0,85.0,5.0,0.0,0.0,10.0,0.0,5.66763967219248,2500.0,10.5,33.90909090909091,11.39393939393939,3.021212121212121e-06,97.21212121212122,2.412121212121212,37.54801222618119,226.1051136499113,1.907345454545454,138.2254545454545,100.0,100.0,85.0|5.0|0.0|0.0|10.0|0.0
1056,1035.0,85.0,5.0,0.0,0.0,10.0,0.0,6.253821723442199,2900.0,10.5,33.90909090909091,11.39393939393939,3.021212121212121e-06,97.21212121212122,2.412121212121212,38.72937170975571,209.5967552233464,1.216872727272727,90.6909090909091,100.0,100.0,85.0|5.0|0.0|0.0|10.0|0.0
1057,1036.0,85.0,5.0,0.0,0.0,10.0,0.0,6.769346030495157,3300.0,10.5,33.90909090909091,11.39393939393939,3.021212121212121e-06,97.21212121212122,2.412121212121212,37.61271089929343,223.9516716048776,0.9981090909090908,64.42181818181818,100.0,100.0,85.0|5.0|0.0|0.0|10.0|0.0
1058,1037.0,86.81,0.0,0.0,0.0,13.19,0.0,4.259323167090469,1700.0,10.5,34.19909090909091,11.36010606060606,3.059878787878788e-06,97.59878787878787,2.479787878787879,30.24117769505171,309.7516202218433,5.806394181818183,382.4663090909091,100.0,100.0,86.8|0.0|0.0|0.0|13.2|0.0
1059,1038.0,86.81,0.0,0.0,0.0,13.19,0.0,5.004909648522032,2100.0,10.5,34.19909090909091,11.36010606060606,3.059878787878788e-06,97.59878787878787,2.479787878787879,36.5106796195512,244.6868018478546,3.857488727272727,224.3721272727273,100.0,100.0,86.8|0.0|0.0|0.0|13.2|0.0
1060,1039.0,86.81,0.0,0.0,0.0,13.19,0.0,5.66763967219248,2500.0,10.5,34.19909090909091,11.36010606060606,3.059878787878788e-06,97.59878787878787,2.479787878787879,37.19128058219685,225.1912465484148,1.975786909090909,137.4203272727273,100.0,100.0,86.8|0.0|0.0|0.0|13.2|0.0
1061,1040.0,86.81,0.0,0.0,0.0,13.19,0.0,6.253821723442199,2900.0,10.5,34.19909090909091,11.36010606060606,3.059878787878788e-06,97.59878787878787,2.479787878787879,38.93393528697757,209.8152113896347,1.243267272727273,91.81623636363638,100.0,100.0,86.8|0.0|0.0|0.0|13.2|0.0
1062,1041.0,86.81,0.0,0.0,0.0,13.19,0.0,6.769346030495157,3300.0,10.5,34.19909090909091,11.36010606060606,3.059878787878788e-06,97.59878787878787,2.479787878787879,38.08519631261052,221.2453962020806,1.014774909090909,66.27794545454546,100.0,100.0,86.8|0.0|0.0|0.0|13.2|0.0
1063,1042.0,70.0,30.0,0.0,0.0,0.0,0.0,4.259323167090469,1700.0,10.5,33.0,11.5,2.9e-06,96.0,2.2,31.86608921028538,324.8169172165496,4.5648,387.6,100.0,100.0,70.0|30.0|0.0|0.0|0.0|0.0
1064,1043.0,70.0,30.0,0.0,0.0,0.0,0.0,5.004909648522032,2100.0,10.5,33.0,11.5,2.9e-06,96.0,2.2,37.3578595261824,262.7110445512421,3.0312,204.68,100.0,100.0,70.0|30.0|0.0|0.0|0.0|0.0
1065,1044.0,70.0,30.0,0.0,0.0,0.0,0.0,5.66763967219248,2500.0,10.5,33.0,11.5,2.9e-06,96.0,2.2,38.75307421465493,241.5476866923813,1.3968,116.28,100.0,100.0,70.0|30.0|0.0|0.0|0.0|0.0
1066,1045.0,70.0,30.0,0.0,0.0,0.0,0.0,6.253821723442199,2900.0,10.5,33.0,11.5,2.9e-06,96.0,2.2,41.12461980723206,224.4533378074575,1.0872,74.12,100.0,100.0,70.0|30.0|0.0|0.0|0.0|0.0
1067,1046.0,70.0,30.0,0.0,0.0,0.0,0.0,6.769346030495157,3300.0,10.5,33.0,11.5,2.9e-06,96.0,2.2,39.74306165349962,238.1652616496988,0.8351999999999999,47.6,100.0,100.0,70.0|30.0|0.0|0.0|0.0|0.0
1068,1047.0,75.0,15.0,0.0,0.0,10.0,0.0,4.259323167090469,1700.0,10.5,33.90909090909091,11.39393939393939,3.021212121212121e-06,97.21212121212122,2.412121212121212,31.95082442377501,320.5935366706149,4.566690909090909,362.1381818181819,100.0,100.0,75.0|15.0|0.0|0.0|10.0|0.0
1069,1048.0,75.0,15.0,0.0,0.0,10.0,0.0,5.004909648522032,2100.0,10.5,33.90909090909091,11.39393939393939,3.021212121212121e-06,97.21212121212122,2.412121212121212,37.96464749504762,258.2911197215187,3.049018181818182,193.2654545454546,100.0,100.0,75.0|15.0|0.0|0.0|10.0|0.0
1070,1049.0,75.0,15.0,0.0,0.0,10.0,0.0,5.66763967219248,2500.0,10.5,33.90909090909091,11.39393939393939,3.021212121212121e-06,97.21212121212122,2.412121212121212,39.15899152704264,235.4546239771964,1.469818181818182,111.3309090909091,100.0,100.0,75.0|15.0|0.0|0.0|10.0|0.0
1071,1050.0,75.0,15.0,0.0,0.0,10.0,0.0,6.253821723442199,2900.0,10.5,33.90909090909091,11.39393939393939,3.021212121212121e-06,97.21212121212122,2.412121212121212,41.42680623777797,219.4560502055699,1.0528,71.30181818181819,100.0,100.0,75.0|15.0|0.0|0.0|10.0|0.0
1072,1051.0,75.0,15.0,0.0,0.0,10.0,0.0,6.769346030495157,3300.0,10.5,33.90909090909091,11.39393939393939,3.021212121212121e-06,97.21212121212122,2.412121212121212,40.56256439859871,232.1814232837177,0.8203636363636363,46.28363636363637,100.0,100.0,75.0|15.0|0.0|0.0|10.0|0.0
1073,1052.0,77.7,7.5,0.0,0.0,14.8,0.0,4.259323167090469,1700.0,10.5,34.34545454545454,11.3430303030303,3.07939393939394e-06,97.7939393939394,2.513939393939394,32.30307497466239,319.3350968183106,4.623301818181819,347.5781818181818,100.0,100.0,77.7|7.5|0.0|0.0|14.8|0.0
1074,1053.0,77.7,7.5,0.0,0.0,14.8,0.0,5.004909648522032,2100.0,10.5,34.34545454545454,11.3430303030303,3.07939393939394e-06,97.7939393939394,2.513939393939394,37.68166416278502,256.7931520294263,3.137716363636364,188.1716363636364,100.0,100.0,77.7|7.5|0.0|0.0|14.8|0.0
1075,1054.0,77.7,7.5,0.0,0.0,14.8,0.0,5.66763967219248,2500.0,10.5,34.34545454545454,11.3430303030303,3.07939393939394e-06,97.7939393939394,2.513939393939394,38.85254488261401,235.4223581797614,1.492247272727273,113.2625454545455,100.0,100.0,77.7|7.5|0.0|0.0|14.8|0.0
1076,1055.0,77.7,7.5,0.0,0.0,14.8,0.0,6.253821723442199,2900.0,10.5,34.34545454545454,11.3430303030303,3.07939393939394e-06,97.7939393939394,2.513939393939394,41.17818677678429,216.3868334417371,1.059229090909091,73.11127272727273,100.0,100.0,77.7|7.5|0.0|0.0|14.8|0.0
1077,1056.0,77.7,7.5,0.0,0.0,14.8,0.0,6.769346030495157,3300.0,10.5,34.34545454545454,11.3430303030303,3.07939393939394e-06,97.7939393939394,2.513939393939394,40.4414099698187,230.6884781700844,0.839389090909091,49.14036363636364,100.0,100.0,77.7|7.5|0.0|0.0|14.8|0.0
1078,1057.0,80.0,0.0,0.0,0.0,20.0,0.0,4.259323167090469,1700.0,10.5,34.81818181818182,11.28787878787879,3.142424242424243e-06,98.42424242424242,2.624242424242424,31.97129064367959,314.0963212386254,4.595636363636363,339.6909090909091,100.0,100.0,80.0|0.0|0.0|0.0|20.0|0.0
1079,1058.0,80.0,0.0,0.0,0.0,20.0,0.0,5.004909648522032,2100.0,10.5,34.81818181818182,11.28787878787879,3.142424242424243e-06,98.42424242424242,2.624242424242424,37.91877333261071,254.338304392869,3.145745454545454,183.8327272727273,100.0,100.0,80.0|0.0|0.0|0.0|20.0|0.0
1080,1059.0,80.0,0.0,0.0,0.0,20.0,0.0,5.66763967219248,2500.0,10.5,34.81818181818182,11.28787878787879,3.142424242424243e-06,98.42424242424242,2.624242424242424,38.76417098640184,232.1840939138828,1.4952,111.8981818181818,100.0,100.0,80.0|0.0|0.0|0.0|20.0|0.0
1081,1060.0,80.0,0.0,0.0,0.0,20.0,0.0,6.253821723442199,2900.0,10.5,34.81818181818182,11.28787878787879,3.142424242424243e-06,98.42424242424242,2.624242424242424,41.0768165519324,213.3754164966695,1.042109090909091,71.93454545454546,100.0,100.0,80.0|0.0|0.0|0.0|20.0|0.0
1082,1061.0,80.0,0.0,0.0,0.0,20.0,0.0,6.769346030495157,3300.0,10.5,34.81818181818182,11.28787878787879,3.142424242424243e-06,98.42424242424242,2.624242424242424,40.08783165808208,227.8857528488854,0.8349818181818182,47.95636363636364,100.0,100.0,80.0|0.0|0.0|0.0|20.0|0.0
1083,1062.0,60.0,40.0,0.0,0.0,0.0,0.0,4.259323167090469,1700.0,10.5,33.0,11.5,2.9e-06,96.0,2.2,29.99865957143725,349.4305002545547,3.6936,344.08,100.0,100.0,60.0|40.0|0.0|0.0|0.0|0.0
1084,1063.0,60.0,40.0,0.0,0.0,0.0,0.0,5.004909648522032,2100.0,10.5,33.0,11.5,2.9e-06,96.0,2.2,36.17355423900215,276.3813897181545,2.3328,179.52,100.0,100.0,60.0|40.0|0.0|0.0|0.0|0.0
1085,1064.0,60.0,40.0,0.0,0.0,0.0,0.0,5.66763967219248,2500.0,10.5,33.0,11.5,2.9e-06,96.0,2.2,37.02347790430708,267.2147612429397,1.2312,92.48,100.0,100.0,60.0|40.0|0.0|0.0|0.0|0.0
1086,1065.0,60.0,40.0,0.0,0.0,0.0,0.0,6.253821723442199,2900.0,10.5,33.0,11.5,2.9e-06,96.0,2.2,38.12190907055359,257.0560192372959,0.8855999999999999,53.04000000000001,100.0,100.0,60.0|40.0|0.0|0.0|0.0|0.0
1087,1066.0,60.0,40.0,0.0,0.0,0.0,0.0,6.769346030495157,3300.0,10.5,33.0,11.5,2.9e-06,96.0,2.2,37.41275539490799,262.5841940525917,0.7416,35.36,100.0,100.0,60.0|40.0|0.0|0.0|0.0|0.0
1088,1067.0,67.0,20.0,0.0,0.0,13.0,0.0,4.259323167090469,1700.0,10.5,34.18181818181818,11.36212121212121,3.057575757575758e-06,97.57575757575758,2.475757575757576,29.61907176163477,342.7489226825832,3.525090909090909,316.1181818181818,100.0,100.0,67.0|20.0|0.0|0.0|13.0|0.0
1089,1068.0,67.0,20.0,0.0,0.0,13.0,0.0,5.004909648522032,2100.0,10.5,34.18181818181818,11.36212121212121,3.057575757575758e-06,97.57575757575758,2.475757575757576,36.72824610854414,269.0938598990891,2.381454545454545,166.8909090909091,100.0,100.0,67.0|20.0|0.0|0.0|13.0|0.0
1090,1069.0,67.0,20.0,0.0,0.0,13.0,0.0,5.66763967219248,2500.0,10.5,34.18181818181818,11.36212121212121,3.057575757575758e-06,97.57575757575758,2.475757575757576,37.60078082811375,259.1517677055055,1.170545454545455,88.31818181818183,100.0,100.0,67.0|20.0|0.0|0.0|13.0|0.0
1091,1070.0,67.0,20.0,0.0,0.0,13.0,0.0,6.253821723442199,2900.0,10.5,34.18181818181818,11.36212121212121,3.057575757575758e-06,97.57575757575758,2.475757575757576,39.23611727161848,248.9053772843565,0.8409090909090909,54.20909090909091,100.0,100.0,67.0|20.0|0.0|0.0|13.0|0.0
1092,1071.0,67.0,20.0,0.0,0.0,13.0,0.0,6.769346030495157,3300.0,10.5,34.18181818181818,11.36212121212121,3.057575757575758e-06,97.57575757575758,2.475757575757576,38.0830070892455,256.7045664444619,0.7130909090909091,34.10909090909091,100.0,100.0,67.0|20.0|0.0|0.0|13.0|0.0
1093,1072.0,70.0,10.0,0.0,0.0,20.0,0.0,4.259323167090469,1700.0,10.5,34.81818181818182,11.28787878787879,3.142424242424243e-06,98.42424242424242,2.624242424242424,30.63751290826858,338.3597342470936,3.547054545454545,300.2981818181818,100.0,100.0,70.0|10.0|0.0|0.0|20.0|0.0
1094,1073.0,70.0,10.0,0.0,0.0,20.0,0.0,5.004909648522032,2100.0,10.5,34.81818181818182,11.28787878787879,3.142424242424243e-06,98.42424242424242,2.624242424242424,37.17964060437713,266.2685387825035,2.4208,160.4254545454546,100.0,100.0,70.0|10.0|0.0|0.0|20.0|0.0
1095,1074.0,70.0,10.0,0.0,0.0,20.0,0.0,5.66763967219248,2500.0,10.5,34.81818181818182,11.28787878787879,3.142424242424243e-06,98.42424242424242,2.624242424242424,38.24913179137965,257.0354015171376,1.158618181818182,86.20727272727272,100.0,100.0,70.0|10.0|0.0|0.0|20.0|0.0
1096,1075.0,70.0,10.0,0.0,0.0,20.0,0.0,6.253821723442199,2900.0,10.5,34.81818181818182,11.28787878787879,3.142424242424243e-06,98.42424242424242,2.624242424242424,39.47558930321534,246.4770354903289,0.8285090909090909,54.80727272727273,100.0,100.0,70.0|10.0|0.0|0.0|20.0|0.0
1097,1076.0,70.0,10.0,0.0,0.0,20.0,0.0,6.769346030495157,3300.0,10.5,34.81818181818182,11.28787878787879,3.142424242424243e-06,98.42424242424242,2.624242424242424,38.35408536508007,252.8319022782426,0.6990545454545455,33.68363636363637,100.0,100.0,70.0|10.0|0.0|0.0|20.0|0.0
1098,1077.0,73.7,0.0,0.0,0.0,26.3,0.0,4.259323167090469,1700.0,10.5,35.39090909090909,11.22106060606061,3.218787878787879e-06,99.18787878787879,2.757878787878788,30.68264970294413,338.1697243860784,3.540141818181818,286.5152727272728,100.0,100.0,73.7|0.0|0.0|0.0|26.3|0.0
1099,1078.0,73.7,0.0,0.0,0.0,26.3,0.0,5.004909648522032,2100.0,10.5,35.39090909090909,11.22106060606061,3.218787878787879e-06,99.18787878787879,2.757878787878788,37.25170330523844,261.9781019741704,2.416287272727273,154.5250909090909,100.0,100.0,73.7|0.0|0.0|0.0|26.3|0.0
1100,1079.0,73.7,0.0,0.0,0.0,26.3,0.0,5.66763967219248,2500.0,10.5,35.39090909090909,11.22106060606061,3.218787878787879e-06,99.18787878787879,2.757878787878788,38.25068766430581,251.9174439895063,1.148829090909091,85.31072727272729,100.0,100.0,73.7|0.0|0.0|0.0|26.3|0.0
1101,1080.0,73.7,0.0,0.0,0.0,26.3,0.0,6.253821723442199,2900.0,10.5,35.39090909090909,11.22106060606061,3.218787878787879e-06,99.18787878787879,2.757878787878788,39.32843027289122,241.9498225334118,0.8179163636363637,54.19109090909092,100.0,100.0,73.7|0.0|0.0|0.0|26.3|0.0
1102,1081.0,73.7,0.0,0.0,0.0,26.3,0.0,6.769346030495157,3300.0,10.5,35.39090909090909,11.22106060606061,3.218787878787879e-06,99.18787878787879,2.757878787878788,38.77923965895141,248.0875470199849,0.6992872727272728,33.26581818181819,100.0,100.0,73.7|0.0|0.0|0.0|26.3|0.0
1103,1082.0,50.0,50.0,0.0,0.0,0.0,0.0,4.259323167090469,1700.0,10.5,33.0,11.5,2.9e-06,96.0,2.2,27.96843699823674,396.7348146243552,3.0456,313.48,100.0,100.0,50.0|50.0|0.0|0.0|0.0|0.0
1104,1083.0,50.0,50.0,0.0,0.0,0.0,0.0,5.004909648522032,2100.0,10.5,33.0,11.5,2.9e-06,96.0,2.2,33.23648656121169,324.3207858909751,1.692,139.4,100.0,100.0,50.0|50.0|0.0|0.0|0.0|0.0
1105,1084.0,50.0,50.0,0.0,0.0,0.0,0.0,5.66763967219248,2500.0,10.5,33.0,11.5,2.9e-06,96.0,2.2,34.90790627434622,301.3301085608772,1.0152,78.2,100.0,100.0,50.0|50.0|0.0|0.0|0.0|0.0
1106,1085.0,50.0,50.0,0.0,0.0,0.0,0.0,6.253821723442199,2900.0,10.5,33.0,11.5,2.9e-06,96.0,2.2,37.21025856684299,277.6536827571792,0.7776000000000001,36.72000000000001,100.0,100.0,50.0|50.0|0.0|0.0|0.0|0.0
1107,1086.0,50.0,50.0,0.0,0.0,0.0,0.0,6.769346030495157,3300.0,10.5,33.0,11.5,2.9e-06,96.0,2.2,36.23033139429107,291.1952168858638,0.3888,25.84,100.0,100.0,50.0|50.0|0.0|0.0|0.0|0.0
1108,1087.0,58.5,25.0,0.0,0.0,16.5,0.0,4.259323167090469,1700.0,10.5,34.5,11.325,3.1e-06,98.0,2.55,29.33989562057916,382.8668264625494,2.9568,277.89,100.0,100.0,58.5|25.0|0.0|0.0|16.5|0.0
1109,1088.0,58.5,25.0,0.0,0.0,16.5,0.0,5.004909648522032,2100.0,10.5,34.5,11.325,3.1e-06,98.0,2.55,34.19517582869855,309.7626528282282,1.617,125.08,100.0,100.0,58.5|25.0|0.0|0.0|16.5|0.0
1110,1089.0,58.5,25.0,0.0,0.0,16.5,0.0,5.66763967219248,2500.0,10.5,34.5,11.325,3.1e-06,98.0,2.55,36.24768511538362,290.2811030016887,1.0164,73.16000000000001,100.0,100.0,58.5|25.0|0.0|0.0|16.5|0.0
1111,1090.0,58.5,25.0,0.0,0.0,16.5,0.0,6.253821723442199,2900.0,10.5,34.5,11.325,3.1e-06,98.0,2.55,38.74926710415699,267.0679238946714,0.7589999999999999,35.99,100.0,100.0,58.5|25.0|0.0|0.0|16.5|0.0
1112,1091.0,58.5,25.0,0.0,0.0,16.5,0.0,6.769346030495157,3300.0,10.5,34.5,11.325,3.1e-06,98.0,2.55,37.31224957190843,276.7885854473141,0.4883999999999999,24.78,100.0,100.0,58.5|25.0|0.0|0.0|16.5|0.0
1118,1097.0,67.0,0.0,0.0,0.0,33.0,0.0,4.259323167090469,1700.0,10.5,36.0,11.15,3.3e-06,100.0,2.9,30.43411939091147,376.950044421958,2.988,243.0,100.0,100.0,67.0|0.0|0.0|0.0|33.0|0.0
1119,1098.0,67.0,0.0,0.0,0.0,33.0,0.0,5.004909648522032,2100.0,10.5,36.0,11.15,3.3e-06,100.0,2.9,35.23891082909428,300.535811989181,1.722,115.5,100.0,100.0,67.0|0.0|0.0|0.0|33.0|0.0
1120,1099.0,67.0,0.0,0.0,0.0,33.0,0.0,5.66763967219248,2500.0,10.5,36.0,11.15,3.3e-06,100.0,2.9,37.28623173258094,280.7519056873211,0.9839999999999999,67.0,100.0,100.0,67.0|0.0|0.0|0.0|33.0|0.0
1121,1100.0,67.0,0.0,0.0,0.0,33.0,0.0,6.253821723442199,2900.0,10.5,36.0,11.15,3.3e-06,100.0,2.9,39.24928176693509,258.3025105152083,0.72,37.5,100.0,100.0,67.0|0.0|0.0|0.0|33.0|0.0
1122,1101.0,67.0,0.0,0.0,0.0,33.0,0.0,6.769346030495157,3300.0,10.5,36.0,11.15,3.3e-06,100.0,2.9,37.82034897147934,271.0220537796528,0.546,24.0,100.0,100.0,67.0|0.0|0.0|0.0|33.0|0.0
1123,1102.0,90.0,10.0,0.0,0.0,0.0,0.0,4.259323167090469,1700.0,10.5,34.8,11.8,3.5e-06,98.0,1.9,29.31788151135872,312.342384462597,6.23,416.0,100.0,100.0,90.0|10.0|0.0|0.0|0.0|0.0
1124,1103.0,90.0,10.0,0.0,0.0,0.0,0.0,5.004909648522032,2100.0,10.5,34.8,11.8,3.5e-06,98.0,1.9,34.27168360097023,253.4838736504922,4.27,243.75,100.0,100.0,90.0|10.0|0.0|0.0|0.0|0.0
1125,1104.0,90.0,10.0,0.0,0.0,0.0,0.0,5.66763967219248,2500.0,10.5,34.8,11.8,3.5e-06,98.0,1.9,36.63611087213852,230.9057254551705,2.226,152.1,100.0,100.0,90.0|10.0|0.0|0.0|0.0|0.0
1126,1105.0,90.0,10.0,0.0,0.0,0.0,0.0,6.253821723442199,2900.0,10.5,34.8,11.8,3.5e-06,98.0,1.9,38.33078886144973,213.3926848519922,1.358,103.35,100.0,100.0,90.0|10.0|0.0|0.0|0.0|0.0
1127,1106.0,90.0,10.0,0.0,0.0,0.0,0.0,6.769346030495157,3300.0,10.5,34.8,11.8,3.5e-06,98.0,1.9,36.63168138187133,227.3059418194049,1.092,65.65,100.0,100.0,90.0|10.0|0.0|0.0|0.0|0.0
1128,1107.0,91.65,5.0,3.35,0.0,0.0,0.0,4.259323167090469,1700.0,10.5,35.15530303030302,11.7644696969697,3.550757575757576e-06,98.30454545454545,1.960909090909091,29.25840933062013,311.9472687675745,6.286658181818182,409.3592727272727,100.0,100.0,91.6|5.0|3.4|0.0|0.0|0.0
1129,1108.0,91.65,5.0,3.35,0.0,0.0,0.0,5.004909648522032,2100.0,10.5,35.15530303030302,11.7644696969697,3.550757575757576e-06,98.30454545454545,1.960909090909091,34.79300397357623,252.4280944333879,4.360767272727272,241.3198181818182,100.0,100.0,91.6|5.0|3.4|0.0|0.0|0.0
1130,1109.0,91.65,5.0,3.35,0.0,0.0,0.0,5.66763967219248,2500.0,10.5,35.15530303030302,11.7644696969697,3.550757575757576e-06,98.30454545454545,1.960909090909091,36.91544329769637,230.4273477919659,2.235409090909091,155.4049090909091,100.0,100.0,91.6|5.0|3.4|0.0|0.0|0.0
1131,1110.0,91.65,5.0,3.35,0.0,0.0,0.0,6.253821723442199,2900.0,10.5,35.15530303030302,11.7644696969697,3.550757575757576e-06,98.30454545454545,1.960909090909091,38.19310459543608,213.8609332201493,1.471930909090909,105.4984545454545,100.0,100.0,91.6|5.0|3.4|0.0|0.0|0.0
1132,1111.0,91.65,5.0,3.35,0.0,0.0,0.0,6.769346030495157,3300.0,10.5,35.15530303030302,11.7644696969697,3.550757575757576e-06,98.30454545454545,1.960909090909091,36.53981596546195,225.522089191403,1.107387272727273,68.85827272727272,100.0,100.0,91.6|5.0|3.4|0.0|0.0|0.0
1133,1112.0,92.5,2.5,5.0,0.0,0.0,0.0,4.259323167090469,1700.0,10.5,35.33030303030303,11.7469696969697,3.575757575757576e-06,98.45454545454545,1.990909090909091,29.16045226423597,309.8579394489309,6.279545454545454,407.8863636363637,100.0,100.0,92.5|2.5|5.0|0.0|0.0|0.0
1134,1113.0,92.5,2.5,5.0,0.0,0.0,0.0,5.004909648522032,2100.0,10.5,35.33030303030303,11.7469696969697,3.575757575757576e-06,98.45454545454545,1.990909090909091,34.39197527897588,250.4703697843508,4.418181818181818,245.3545454545455,100.0,100.0,92.5|2.5|5.0|0.0|0.0|0.0
1135,1114.0,92.5,2.5,5.0,0.0,0.0,0.0,5.66763967219248,2500.0,10.5,35.33030303030303,11.7469696969697,3.575757575757576e-06,98.45454545454545,1.990909090909091,36.61768880135322,229.4168212451911,2.365909090909091,156.3045454545455,100.0,100.0,92.5|2.5|5.0|0.0|0.0|0.0
1136,1115.0,92.5,2.5,5.0,0.0,0.0,0.0,6.253821723442199,2900.0,10.5,35.33030303030303,11.7469696969697,3.575757575757576e-06,98.45454545454545,1.990909090909091,37.79035219251119,212.5849136610814,1.534090909090909,108.9772727272727,100.0,100.0,92.5|2.5|5.0|0.0|0.0|0.0
1137,1116.0,92.5,2.5,5.0,0.0,0.0,0.0,6.769346030495157,3300.0,10.5,35.33030303030303,11.7469696969697,3.575757575757576e-06,98.45454545454545,1.990909090909091,36.43337200774371,225.0935882953187,1.138636363636363,70.9909090909091,100.0,100.0,92.5|2.5|5.0|0.0|0.0|0.0
1138,1117.0,93.35,0.0,6.65,0.0,0.0,0.0,4.259323167090469,1700.0,10.5,35.50530303030303,11.7294696969697,3.600757575757576e-06,98.60454545454546,2.020909090909091,29.34734269798468,309.664685983458,6.318899999999999,404.4462727272727,100.0,100.0,93.4|0.0|6.6|0.0|0.0|0.0
1139,1118.0,93.35,0.0,6.65,0.0,0.0,0.0,5.004909648522032,2100.0,10.5,35.50530303030303,11.7294696969697,3.600757575757576e-06,98.60454545454546,2.020909090909091,34.01404049281755,250.7432301619022,4.440125454545455,244.2634545454546,100.0,100.0,93.4|0.0|6.6|0.0|0.0|0.0
1140,1119.0,93.35,0.0,6.65,0.0,0.0,0.0,5.66763967219248,2500.0,10.5,35.50530303030303,11.7294696969697,3.600757575757576e-06,98.60454545454546,2.020909090909091,36.20981650823395,229.7021749357677,2.426187272727272,158.3416363636364,100.0,100.0,93.4|0.0|6.6|0.0|0.0|0.0
1141,1120.0,93.35,0.0,6.65,0.0,0.0,0.0,6.253821723442199,2900.0,10.5,35.50530303030303,11.7294696969697,3.600757575757576e-06,98.60454545454546,2.020909090909091,38.42347627885056,209.5056399512987,1.56114,112.9258181818182,100.0,100.0,93.4|0.0|6.6|0.0|0.0|0.0
1142,1121.0,93.35,0.0,6.65,0.0,0.0,0.0,6.769346030495157,3300.0,10.5,35.50530303030303,11.7294696969697,3.600757575757576e-06,98.60454545454546,2.020909090909091,36.22364200680357,225.6626120154242,1.162407272727273,74.26100000000001,100.0,100.0,93.4|0.0|6.6|0.0|0.0|0.0
1143,1122.0,80.0,20.0,0.0,0.0,0.0,0.0,4.259323167090469,1700.0,10.5,34.8,11.8,3.5e-06,98.0,1.9,31.08064057513079,304.1560247269848,5.46,395.85,100.0,100.0,80.0|20.0|0.0|0.0|0.0|0.0
1144,1123.0,80.0,20.0,0.0,0.0,0.0,0.0,5.004909648522032,2100.0,10.5,34.8,11.8,3.5e-06,98.0,1.9,36.70965907644667,241.272907583589,3.584,226.2,100.0,100.0,80.0|20.0|0.0|0.0|0.0|0.0
1145,1124.0,80.0,20.0,0.0,0.0,0.0,0.0,5.66763967219248,2500.0,10.5,34.8,11.8,3.5e-06,98.0,1.9,38.37467319491638,224.1774682383773,1.792,135.85,100.0,100.0,80.0|20.0|0.0|0.0|0.0|0.0
1146,1125.0,80.0,20.0,0.0,0.0,0.0,0.0,6.253821723442199,2900.0,10.5,34.8,11.8,3.5e-06,98.0,1.9,38.99661410640655,209.5600304592174,1.148,87.75,100.0,100.0,80.0|20.0|0.0|0.0|0.0|0.0
1147,1126.0,80.0,20.0,0.0,0.0,0.0,0.0,6.769346030495157,3300.0,10.5,34.8,11.8,3.5e-06,98.0,1.9,37.81346602954213,223.025734117982,0.9659999999999999,61.1,100.0,100.0,80.0|20.0|0.0|0.0|0.0|0.0
1148,1127.0,83.39833983398341,10.001000100010003,6.6006600660066015,0.0,0.0,0.0,4.259323167090469,1700.0,10.5,35.5,11.73,3.6e-06,98.6,2.02,30.89377534831191,300.5508926547352,5.489119999999999,379.452,99.99,100.00000000000001,83.4|10.0|6.6|0.0|0.0|0.0
1149,1128.0,83.39833983398341,10.001000100010003,6.6006600660066015,0.0,0.0,0.0,5.004909648522032,2100.0,10.5,35.5,11.73,3.6e-06,98.6,2.02,36.61707319337339,237.4126261924623,3.6166,220.426,99.99,100.00000000000001,83.4|10.0|6.6|0.0|0.0|0.0
1150,1129.0,83.39833983398341,10.001000100010003,6.6006600660066015,0.0,0.0,0.0,5.66763967219248,2500.0,10.5,35.5,11.73,3.6e-06,98.6,2.02,38.07695793852737,221.5030771287744,1.80492,134.466,99.99,100.00000000000001,83.4|10.0|6.6|0.0|0.0|0.0
1151,1130.0,83.39833983398341,10.001000100010003,6.6006600660066015,0.0,0.0,0.0,6.253821723442199,2900.0,10.5,35.5,11.73,3.6e-06,98.6,2.02,39.3062284278333,206.4709060524116,1.15596,84.732,99.99,100.00000000000001,83.4|10.0|6.6|0.0|0.0|0.0
1152,1131.0,83.39833983398341,10.001000100010003,6.6006600660066015,0.0,0.0,0.0,6.769346030495157,3300.0,10.5,35.5,11.73,3.6e-06,98.6,2.02,38.24858567431269,216.9331101618583,0.9599199999999999,60.172,99.99,100.00000000000001,83.4|10.0|6.6|0.0|0.0|0.0
1153,1132.0,85.0,5.0,10.0,0.0,0.0,0.0,4.259323167090469,1700.0,10.5,35.86060606060606,11.6939393939394,3.651515151515152e-06,98.9090909090909,2.081818181818182,30.70435387305795,301.3083706226852,5.534727272727272,371.5636363636364,100.0,100.0,85.0|5.0|10.0|0.0|0.0|0.0
1154,1133.0,85.0,5.0,10.0,0.0,0.0,0.0,5.004909648522032,2100.0,10.5,35.86060606060606,11.6939393939394,3.651515151515152e-06,98.9090909090909,2.081818181818182,36.75931161269862,237.5083585584391,3.676545454545454,216.15,100.0,100.0,85.0|5.0|10.0|0.0|0.0|0.0
1155,1134.0,85.0,5.0,10.0,0.0,0.0,0.0,5.66763967219248,2500.0,10.5,35.86060606060606,11.6939393939394,3.651515151515152e-06,98.9090909090909,2.081818181818182,38.24760856708869,219.9672472186523,1.851545454545454,131.5954545454545,100.0,100.0,85.0|5.0|10.0|0.0|0.0|0.0
1156,1135.0,85.0,5.0,10.0,0.0,0.0,0.0,6.253821723442199,2900.0,10.5,35.86060606060606,11.6939393939394,3.651515151515152e-06,98.9090909090909,2.081818181818182,39.6653019676811,204.7627448900613,1.181272727272727,86.3409090909091,100.0,100.0,85.0|5.0|10.0|0.0|0.0|0.0
1157,1136.0,85.0,5.0,10.0,0.0,0.0,0.0,6.769346030495157,3300.0,10.5,35.86060606060606,11.6939393939394,3.651515151515152e-06,98.9090909090909,2.081818181818182,38.3045890832684,217.7157163427622,0.9689090909090908,61.33181818181819,100.0,100.0,85.0|5.0|10.0|0.0|0.0|0.0
1158,1137.0,86.81,0.0,13.19,0.0,0.0,0.0,4.259323167090469,1700.0,10.5,36.19893939393939,11.66010606060606,3.699848484848485e-06,99.19909090909091,2.139818181818182,30.94644764287439,299.6465822196189,5.633594181818182,363.5963090909091,100.0,100.0,86.8|0.0|13.2|0.0|0.0|0.0
1159,1138.0,86.81,0.0,13.19,0.0,0.0,0.0,5.004909648522032,2100.0,10.5,36.19893939393939,11.66010606060606,3.699848484848485e-06,99.19909090909091,2.139818181818182,36.91490169326859,236.7435266725877,3.742688727272728,213.3021272727273,100.0,100.0,86.8|0.0|13.2|0.0|0.0|0.0
1160,1139.0,86.81,0.0,13.19,0.0,0.0,0.0,5.66763967219248,2500.0,10.5,36.19893939393939,11.66010606060606,3.699848484848485e-06,99.19909090909091,2.139818181818182,38.27512440696119,216.9621134271241,1.916986909090909,130.6403272727273,100.0,100.0,86.8|0.0|13.2|0.0|0.0|0.0
1161,1140.0,86.81,0.0,13.19,0.0,0.0,0.0,6.253821723442199,2900.0,10.5,36.19893939393939,11.66010606060606,3.699848484848485e-06,99.19909090909091,2.139818181818182,40.05558692001323,202.2603943200411,1.206267272727273,87.28623636363636,100.0,100.0,86.8|0.0|13.2|0.0|0.0|0.0
1162,1141.0,86.81,0.0,13.19,0.0,0.0,0.0,6.769346030495157,3300.0,10.5,36.19893939393939,11.66010606060606,3.699848484848485e-06,99.19909090909091,2.139818181818182,38.54019291462151,215.3217755663714,0.9845749090909091,63.00794545454546,100.0,100.0,86.8|0.0|13.2|0.0|0.0|0.0
1163,1142.0,70.0,30.0,0.0,0.0,0.0,0.0,4.259323167090469,1700.0,10.5,34.8,11.8,3.5e-06,98.0,1.9,32.27437177107527,319.9299801311095,4.438,370.5,100.0,100.0,70.0|30.0|0.0|0.0|0.0|0.0
1164,1143.0,70.0,30.0,0.0,0.0,0.0,0.0,5.004909648522032,2100.0,10.5,34.8,11.8,3.5e-06,98.0,1.9,37.66937103704758,257.870582326442,2.947,195.65,100.0,100.0,70.0|30.0|0.0|0.0|0.0|0.0
1165,1144.0,70.0,30.0,0.0,0.0,0.0,0.0,5.66763967219248,2500.0,10.5,34.8,11.8,3.5e-06,98.0,1.9,38.89037128909219,238.9897527204564,1.358,111.15,100.0,100.0,70.0|30.0|0.0|0.0|0.0|0.0
1166,1145.0,70.0,30.0,0.0,0.0,0.0,0.0,6.253821723442199,2900.0,10.5,34.8,11.8,3.5e-06,98.0,1.9,41.44889572717218,219.9650111942906,1.057,70.85000000000001,100.0,100.0,70.0|30.0|0.0|0.0|0.0|0.0
1167,1146.0,70.0,30.0,0.0,0.0,0.0,0.0,6.769346030495157,3300.0,10.5,34.8,11.8,3.5e-06,98.0,1.9,40.71978549473002,233.9122359925709,0.8119999999999999,45.5,100.0,100.0,70.0|30.0|0.0|0.0|0.0|0.0
1168,1147.0,75.0,15.0,10.0,0.0,0.0,0.0,4.259323167090469,1700.0,10.5,35.86060606060606,11.6939393939394,3.651515151515152e-06,98.9090909090909,2.081818181818182,32.55936412832881,314.3157294875459,4.433090909090908,344.7681818181818,100.0,100.0,75.0|15.0|10.0|0.0|0.0|0.0
1169,1148.0,75.0,15.0,10.0,0.0,0.0,0.0,5.004909648522032,2100.0,10.5,35.86060606060606,11.6939393939394,3.651515151515152e-06,98.9090909090909,2.081818181818182,38.39891146764852,252.0607379706776,2.959818181818182,183.9954545454545,100.0,100.0,75.0|15.0|10.0|0.0|0.0|0.0
1170,1149.0,75.0,15.0,10.0,0.0,0.0,0.0,5.66763967219248,2500.0,10.5,35.86060606060606,11.6939393939394,3.651515151515152e-06,98.9090909090909,2.081818181818182,40.02042678045733,228.6408886136843,1.426818181818182,105.9909090909091,100.0,100.0,75.0|15.0|10.0|0.0|0.0|0.0
1171,1150.0,75.0,15.0,10.0,0.0,0.0,0.0,6.253821723442199,2900.0,10.5,35.86060606060606,11.6939393939394,3.651515151515152e-06,98.9090909090909,2.081818181818182,42.02078198064679,212.5252437014798,1.022,67.88181818181818,100.0,100.0,75.0|15.0|10.0|0.0|0.0|0.0
1172,1151.0,75.0,15.0,10.0,0.0,0.0,0.0,6.769346030495157,3300.0,10.5,35.86060606060606,11.6939393939394,3.651515151515152e-06,98.9090909090909,2.081818181818182,41.09682762454869,227.8728815585667,0.7963636363636363,44.06363636363636,100.0,100.0,75.0|15.0|10.0|0.0|0.0|0.0
1173,1152.0,77.7,7.5,14.8,0.0,0.0,0.0,4.259323167090469,1700.0,10.5,36.36969696969697,11.6430303030303,3.724242424242424e-06,99.34545454545454,2.169090909090909,32.71783174504873,309.590237895045,4.484501818181818,330.1781818181818,100.0,100.0,77.7|7.5|14.8|0.0|0.0|0.0
1174,1153.0,77.7,7.5,14.8,0.0,0.0,0.0,5.004909648522032,2100.0,10.5,36.36969696969697,11.6430303030303,3.724242424242424e-06,99.34545454545454,2.169090909090909,38.74125902575864,249.6254180564241,3.043516363636364,178.7516363636364,100.0,100.0,77.7|7.5|14.8|0.0|0.0|0.0
1175,1154.0,77.7,7.5,14.8,0.0,0.0,0.0,5.66763967219248,2500.0,10.5,36.36969696969697,11.6430303030303,3.724242424242424e-06,99.34545454545454,2.169090909090909,39.70729062250111,225.8820340926115,1.447447272727273,107.5925454545455,100.0,100.0,77.7|7.5|14.8|0.0|0.0|0.0
1176,1155.0,77.7,7.5,14.8,0.0,0.0,0.0,6.253821723442199,2900.0,10.5,36.36969696969697,11.6430303030303,3.724242424242424e-06,99.34545454545454,2.169090909090909,42.02249534933443,209.0428335024129,1.027429090909091,69.45127272727272,100.0,100.0,77.7|7.5|14.8|0.0|0.0|0.0
1177,1156.0,77.7,7.5,14.8,0.0,0.0,0.0,6.769346030495157,3300.0,10.5,36.36969696969697,11.6430303030303,3.724242424242424e-06,99.34545454545454,2.169090909090909,41.25111284571913,224.4082086384733,0.814189090909091,46.68036363636364,100.0,100.0,77.7|7.5|14.8|0.0|0.0|0.0
1178,1157.0,80.0,0.0,20.0,0.0,0.0,0.0,4.259323167090469,1700.0,10.5,36.92121212121212,11.58787878787879,3.803030303030303e-06,99.81818181818181,2.263636363636364,32.80065429159813,305.5044795451261,4.453636363636363,321.8409090909091,100.0,100.0,80.0|0.0|20.0|0.0|0.0|0.0
1179,1158.0,80.0,0.0,20.0,0.0,0.0,0.0,5.004909648522032,2100.0,10.5,36.92121212121212,11.58787878787879,3.803030303030303e-06,99.81818181818181,2.263636363636364,38.56839514479664,246.6749203767129,3.048545454545454,174.1727272727273,100.0,100.0,80.0|0.0|20.0|0.0|0.0|0.0
1180,1159.0,80.0,0.0,20.0,0.0,0.0,0.0,5.66763967219248,2500.0,10.5,36.92121212121212,11.58787878787879,3.803030303030303e-06,99.81818181818181,2.263636363636364,39.4669622776575,224.4738734083317,1.449,106.0181818181818,100.0,100.0,80.0|0.0|20.0|0.0|0.0|0.0
1181,1160.0,80.0,0.0,20.0,0.0,0.0,0.0,6.253821723442199,2900.0,10.5,36.92121212121212,11.58787878787879,3.803030303030303e-06,99.81818181818181,2.263636363636364,42.28345592325893,206.6132368350092,1.009909090909091,68.15454545454546,100.0,100.0,80.0|0.0|20.0|0.0|0.0|0.0
1182,1161.0,80.0,0.0,20.0,0.0,0.0,0.0,6.769346030495157,3300.0,10.5,36.92121212121212,11.58787878787879,3.803030303030303e-06,99.81818181818181,2.263636363636364,40.73443522066863,219.8912866602993,0.8091818181818181,45.43636363636364,100.0,100.0,80.0|0.0|20.0|0.0|0.0|0.0
1183,1162.0,60.0,40.0,0.0,0.0,0.0,0.0,4.259323167090469,1700.0,10.5,34.8,11.8,3.5e-06,98.0,1.9,30.40158826977736,344.3566431531316,3.591,328.9,100.0,100.0,60.0|40.0|0.0|0.0|0.0|0.0
1184,1163.0,60.0,40.0,0.0,0.0,0.0,0.0,5.004909648522032,2100.0,10.5,34.8,11.8,3.5e-06,98.0,1.9,36.70156193153733,271.5932882857179,2.268,171.6,100.0,100.0,60.0|40.0|0.0|0.0|0.0|0.0
1185,1164.0,60.0,40.0,0.0,0.0,0.0,0.0,5.66763967219248,2500.0,10.5,34.8,11.8,3.5e-06,98.0,1.9,37.67494210125736,262.4109260036777,1.197,88.4,100.0,100.0,60.0|40.0|0.0|0.0|0.0|0.0
1186,1165.0,60.0,40.0,0.0,0.0,0.0,0.0,6.253821723442199,2900.0,10.5,34.8,11.8,3.5e-06,98.0,1.9,38.9048134305927,250.8087124895754,0.861,50.7,100.0,100.0,60.0|40.0|0.0|0.0|0.0|0.0
1187,1166.0,60.0,40.0,0.0,0.0,0.0,0.0,6.769346030495157,3300.0,10.5,34.8,11.8,3.5e-06,98.0,1.9,38.30540546257215,258.1400132635842,0.721,33.8,100.0,100.0,60.0|40.0|0.0|0.0|0.0|0.0
1188,1167.0,67.0,20.0,13.0,0.0,0.0,0.0,4.259323167090469,1700.0,10.5,36.17878787878787,11.66212121212121,3.696969696969697e-06,99.18181818181819,2.136363636363636,30.17173517481764,337.5812280783772,3.420290909090909,300.5481818181818,100.0,100.0,67.0|20.0|13.0|0.0|0.0|0.0
1189,1168.0,67.0,20.0,13.0,0.0,0.0,0.0,5.004909648522032,2100.0,10.5,36.17878787878787,11.66212121212121,3.696969696969697e-06,99.18181818181819,2.136363636363636,37.84002788668418,260.8208961200398,2.310654545454546,158.6709090909091,100.0,100.0,67.0|20.0|13.0|0.0|0.0|0.0
1190,1169.0,67.0,20.0,13.0,0.0,0.0,0.0,5.66763967219248,2500.0,10.5,36.17878787878787,11.66212121212121,3.696969696969697e-06,99.18181818181819,2.136363636363636,38.3280180065403,252.9864267084232,1.135745454545455,83.96818181818182,100.0,100.0,67.0|20.0|13.0|0.0|0.0|0.0
1191,1170.0,67.0,20.0,13.0,0.0,0.0,0.0,6.253821723442199,2900.0,10.5,36.17878787878787,11.66212121212121,3.696969696969697e-06,99.18181818181819,2.136363636363636,39.49835195816544,243.0918479707265,0.8159090909090909,51.53909090909091,100.0,100.0,67.0|20.0|13.0|0.0|0.0|0.0
1192,1171.0,67.0,20.0,13.0,0.0,0.0,0.0,6.769346030495157,3300.0,10.5,36.17878787878787,11.66212121212121,3.696969696969697e-06,99.18181818181819,2.136363636363636,38.75529235631306,248.5618884451469,0.6918909090909091,32.42909090909091,100.0,100.0,67.0|20.0|13.0|0.0|0.0|0.0
1193,1172.0,70.0,10.0,20.0,0.0,0.0,0.0,4.259323167090469,1700.0,10.5,36.92121212121212,11.58787878787879,3.803030303030303e-06,99.81818181818181,2.263636363636364,31.47560932814925,331.3112349966818,3.437454545454545,284.5181818181818,100.0,100.0,70.0|10.0|20.0|0.0|0.0|0.0
1194,1173.0,70.0,10.0,20.0,0.0,0.0,0.0,5.004909648522032,2100.0,10.5,36.92121212121212,11.58787878787879,3.803030303030303e-06,99.81818181818181,2.263636363636364,38.3493779139469,255.1377499125176,2.346,151.9954545454545,100.0,100.0,70.0|10.0|20.0|0.0|0.0|0.0
1195,1174.0,70.0,10.0,20.0,0.0,0.0,0.0,5.66763967219248,2500.0,10.5,36.92121212121212,11.58787878787879,3.803030303030303e-06,99.81818181818181,2.263636363636364,38.99453120141258,248.1484702573449,1.122818181818182,81.67727272727272,100.0,100.0,70.0|10.0|20.0|0.0|0.0|0.0
1196,1175.0,70.0,10.0,20.0,0.0,0.0,0.0,6.253821723442199,2900.0,10.5,36.92121212121212,11.58787878787879,3.803030303030303e-06,99.81818181818181,2.263636363636364,40.15223163309579,238.8448153699047,0.8029090909090908,51.92727272727272,100.0,100.0,70.0|10.0|20.0|0.0|0.0|0.0
1197,1176.0,70.0,10.0,20.0,0.0,0.0,0.0,6.769346030495157,3300.0,10.5,36.92121212121212,11.58787878787879,3.803030303030303e-06,99.81818181818181,2.263636363636364,38.92785934219884,244.8799180091337,0.6774545454545454,31.91363636363636,100.0,100.0,70.0|10.0|20.0|0.0|0.0|0.0
1198,1177.0,73.7,0.0,26.3,0.0,0.0,0.0,4.259323167090469,1700.0,10.5,37.58939393939394,11.52106060606061,3.898484848484849e-06,100.3909090909091,2.378181818181818,31.50756821857611,326.3547420773766,3.426741818181818,270.4952727272728,100.0,100.0,73.7|0.0|26.3|0.0|0.0|0.0
1199,1178.0,73.7,0.0,26.3,0.0,0.0,0.0,5.004909648522032,2100.0,10.5,37.58939393939394,11.52106060606061,3.898484848484849e-06,100.3909090909091,2.378181818181818,37.99498020634567,251.4701887461305,2.338887272727272,145.8850909090909,100.0,100.0,73.7|0.0|26.3|0.0|0.0|0.0
1200,1179.0,73.7,0.0,26.3,0.0,0.0,0.0,5.66763967219248,2500.0,10.5,37.58939393939394,11.52106060606061,3.898484848484849e-06,100.3909090909091,2.378181818181818,39.22628487739593,241.7700952031933,1.112029090909091,80.54072727272728,100.0,100.0,73.7|0.0|26.3|0.0|0.0|0.0
1201,1180.0,73.7,0.0,26.3,0.0,0.0,0.0,6.253821723442199,2900.0,10.5,37.58939393939394,11.52106060606061,3.898484848484849e-06,100.3909090909091,2.378181818181818,39.82275139998395,233.3029846151569,0.7917163636363637,51.16109090909092,100.0,100.0,73.7|0.0|26.3|0.0|0.0|0.0
1202,1181.0,73.7,0.0,26.3,0.0,0.0,0.0,6.769346030495157,3300.0,10.5,37.58939393939394,11.52106060606061,3.898484848484849e-06,100.3909090909091,2.378181818181818,39.80822680817164,238.9277690680915,0.6768872727272728,31.40581818181819,100.0,100.0,73.7|0.0|26.3|0.0|0.0|0.0
1203,1182.0,50.0,50.0,0.0,0.0,0.0,0.0,4.259323167090469,1700.0,10.5,34.8,11.8,3.5e-06,98.0,1.9,28.49125985582912,391.2846551361927,2.961,299.65,100.0,100.0,50.0|50.0|0.0|0.0|0.0|0.0
1204,1183.0,50.0,50.0,0.0,0.0,0.0,0.0,5.004909648522032,2100.0,10.5,34.8,11.8,3.5e-06,98.0,1.9,33.7951821773191,316.7627306488975,1.645,133.25,100.0,100.0,50.0|50.0|0.0|0.0|0.0|0.0
1205,1184.0,50.0,50.0,0.0,0.0,0.0,0.0,5.66763967219248,2500.0,10.5,34.8,11.8,3.5e-06,98.0,1.9,35.70262994983067,294.8701985041441,0.9869999999999999,74.75,100.0,100.0,50.0|50.0|0.0|0.0|0.0|0.0
1206,1185.0,50.0,50.0,0.0,0.0,0.0,0.0,6.253821723442199,2900.0,10.5,34.8,11.8,3.5e-06,98.0,1.9,37.84337034447389,274.964933044852,0.756,35.1,100.0,100.0,50.0|50.0|0.0|0.0|0.0|0.0
1207,1186.0,50.0,50.0,0.0,0.0,0.0,0.0,6.769346030495157,3300.0,10.5,34.8,11.8,3.5e-06,98.0,1.9,36.96507949376839,285.1999627221703,0.378,24.7,100.0,100.0,50.0|50.0|0.0|0.0|0.0|0.0
1208,1187.0,58.5,25.0,16.5,0.0,0.0,0.0,4.259323167090469,1700.0,10.5,36.55,11.625,3.75e-06,99.5,2.2,30.24500199814763,376.5348146284508,2.8672,263.76,100.0,100.0,58.5|25.0|16.5|0.0|0.0|0.0
1209,1188.0,58.5,25.0,16.5,0.0,0.0,0.0,5.004909648522032,2100.0,10.5,36.55,11.625,3.75e-06,99.5,2.2,35.0244385400099,301.1592791356338,1.568,118.72,100.0,100.0,58.5|25.0|16.5|0.0|0.0|0.0
1210,1189.0,58.5,25.0,16.5,0.0,0.0,0.0,5.66763967219248,2500.0,10.5,36.55,11.625,3.75e-06,99.5,2.2,36.57615487827943,283.3117781779472,0.9855999999999999,69.44000000000001,100.0,100.0,58.5|25.0|16.5|0.0|0.0|0.0
1211,1190.0,58.5,25.0,16.5,0.0,0.0,0.0,6.253821723442199,2900.0,10.5,36.55,11.625,3.75e-06,99.5,2.2,39.22286084404666,260.13479644423,0.7359999999999999,34.16,100.0,100.0,58.5|25.0|16.5|0.0|0.0|0.0
1212,1191.0,58.5,25.0,16.5,0.0,0.0,0.0,6.769346030495157,3300.0,10.5,36.55,11.625,3.75e-06,99.5,2.2,38.08891140915079,270.2345263774376,0.4735999999999999,23.52,100.0,100.0,58.5|25.0|16.5|0.0|0.0|0.0
1218,1197.0,67.0,0.0,33.0,0.0,0.0,0.0,4.259323167090469,1700.0,10.5,38.3,11.45,4e-06,101.0,2.5,31.29502107922011,365.9907010780541,2.8884,228.42,100.0,100.0,67.0|0.0|33.0|0.0|0.0|0.0
1219,1198.0,67.0,0.0,33.0,0.0,0.0,0.0,5.004909648522032,2100.0,10.5,38.3,11.45,4e-06,101.0,2.5,36.05067647140885,289.4595938048138,1.6646,108.57,100.0,100.0,67.0|0.0|33.0|0.0|0.0|0.0
1220,1199.0,67.0,0.0,33.0,0.0,0.0,0.0,5.66763967219248,2500.0,10.5,38.3,11.45,4e-06,101.0,2.5,38.0093257756357,271.0143419654253,0.9511999999999998,62.98,100.0,100.0,67.0|0.0|33.0|0.0|0.0|0.0
1221,1200.0,67.0,0.0,33.0,0.0,0.0,0.0,6.253821723442199,2900.0,10.5,38.3,11.45,4e-06,101.0,2.5,40.28451353863418,246.6877390067154,0.696,35.25,100.0,100.0,67.0|0.0|33.0|0.0|0.0|0.0
1222,1201.0,67.0,0.0,33.0,0.0,0.0,0.0,6.769346030495157,3300.0,10.5,38.3,11.45,4e-06,101.0,2.5,38.85607360842899,259.9992630664192,0.5277999999999999,22.56,100.0,100.0,67.0|0.0|33.0|0.0|0.0|0.0
1223,1202.0,90.0,10.0,0.0,0.0,0.0,0.0,4.259323167090469,1700.0,10.5,33.5,13.2,1.9e-06,97.0,17.0,28.35586497200311,317.6487129502897,6.408,448.0,100.0,100.0,90.0|10.0|0.0|0.0|0.0|0.0
1224,1203.0,90.0,10.0,0.0,0.0,0.0,0.0,5.004909648522032,2100.0,10.5,33.5,13.2,1.9e-06,97.0,17.0,34.08299355199387,259.2133665398958,4.391999999999999,262.5,100.0,100.0,90.0|10.0|0.0|0.0|0.0|0.0
1225,1204.0,90.0,10.0,0.0,0.0,0.0,0.0,5.66763967219248,2500.0,10.5,33.5,13.2,1.9e-06,97.0,17.0,36.19031598827819,238.0609971472823,2.2896,163.8,100.0,100.0,90.0|10.0|0.0|0.0|0.0|0.0
1226,1205.0,90.0,10.0,0.0,0.0,0.0,0.0,6.253821723442199,2900.0,10.5,33.5,13.2,1.9e-06,97.0,17.0,37.54551362089884,221.2650475499334,1.3968,111.3,100.0,100.0,90.0|10.0|0.0|0.0|0.0|0.0
1227,1206.0,90.0,10.0,0.0,0.0,0.0,0.0,6.769346030495157,3300.0,10.5,33.5,13.2,1.9e-06,97.0,17.0,35.91867429788435,232.5445498930934,1.1232,70.69999999999999,100.0,100.0,90.0|10.0|0.0|0.0|0.0|0.0
1228,1207.0,91.65,5.0,0.0,3.35,0.0,0.0,4.259323167090469,1700.0,10.5,33.85530303030303,13.24060606060606,1.930454545454546e-06,96.7969696969697,16.69545454545455,28.57587199582434,319.353945130258,6.469458181818182,441.7592727272727,100.0,100.0,91.6|5.0|0.0|3.4|0.0|0.0
1229,1208.0,91.65,5.0,0.0,3.35,0.0,0.0,5.004909648522032,2100.0,10.5,33.85530303030303,13.24060606060606,1.930454545454546e-06,96.7969696969697,16.69545454545455,34.12212368077644,257.3586073419535,4.487567272727272,260.4198181818182,100.0,100.0,91.6|5.0|0.0|3.4|0.0|0.0
1230,1209.0,91.65,5.0,0.0,3.35,0.0,0.0,5.66763967219248,2500.0,10.5,33.85530303030303,13.24060606060606,1.930454545454546e-06,96.7969696969697,16.69545454545455,35.92920554662198,237.0229831074312,2.300409090909091,167.7049090909091,100.0,100.0,91.6|5.0|0.0|3.4|0.0|0.0
1231,1210.0,91.65,5.0,0.0,3.35,0.0,0.0,6.253821723442199,2900.0,10.5,33.85530303030303,13.24060606060606,1.930454545454546e-06,96.7969696969697,16.69545454545455,37.36955409491589,219.489289321979,1.514730909090909,113.8484545454545,100.0,100.0,91.6|5.0|0.0|3.4|0.0|0.0
1232,1211.0,91.65,5.0,0.0,3.35,0.0,0.0,6.769346030495157,3300.0,10.5,33.85530303030303,13.24060606060606,1.930454545454546e-06,96.7969696969697,16.69545454545455,36.16484148180268,232.4535895373806,1.139587272727273,74.30827272727272,100.0,100.0,91.6|5.0|0.0|3.4|0.0|0.0
1233,1212.0,92.5,2.5,0.0,5.0,0.0,0.0,4.259323167090469,1700.0,10.5,34.03030303030303,13.26060606060606,1.945454545454545e-06,96.6969696969697,16.54545454545455,28.38540267987579,318.6727988671651,6.463745454545455,440.6363636363636,100.0,100.0,92.5|2.5|0.0|5.0|0.0|0.0
1234,1213.0,92.5,2.5,0.0,5.0,0.0,0.0,5.004909648522032,2100.0,10.5,34.03030303030303,13.26060606060606,1.945454545454545e-06,96.6969696969697,16.54545454545455,33.81997537773182,258.1456559369766,4.547781818181818,265.0545454545455,100.0,100.0,92.5|2.5|0.0|5.0|0.0|0.0
1235,1214.0,92.5,2.5,0.0,5.0,0.0,0.0,5.66763967219248,2500.0,10.5,34.03030303030303,13.26060606060606,1.945454545454545e-06,96.6969696969697,16.54545454545455,35.7600288201156,237.0626646763624,2.435309090909091,168.8545454545454,100.0,100.0,92.5|2.5|0.0|5.0|0.0|0.0
1236,1215.0,92.5,2.5,0.0,5.0,0.0,0.0,6.253821723442199,2900.0,10.5,34.03030303030303,13.26060606060606,1.945454545454545e-06,96.6969696969697,16.54545454545455,37.52553272261955,218.3195788181,1.579090909090909,117.7272727272727,100.0,100.0,92.5|2.5|0.0|5.0|0.0|0.0
1237,1216.0,92.5,2.5,0.0,5.0,0.0,0.0,6.769346030495157,3300.0,10.5,34.03030303030303,13.26060606060606,1.945454545454545e-06,96.6969696969697,16.54545454545455,36.08577105418853,231.6943181310362,1.172036363636364,76.69090909090909,100.0,100.0,92.5|2.5|0.0|5.0|0.0|0.0
1238,1217.0,93.35,0.0,0.0,6.65,0.0,0.0,4.259323167090469,1700.0,10.5,34.20530303030303,13.28060606060606,1.960454545454545e-06,96.5969696969697,16.39545454545454,28.84369688833436,318.1584143534502,6.5059,437.3962727272727,100.0,100.0,93.4|0.0|0.0|6.6|0.0|0.0
1239,1218.0,93.35,0.0,0.0,6.65,0.0,0.0,5.004909648522032,2100.0,10.5,34.20530303030303,13.28060606060606,1.960454545454545e-06,96.5969696969697,16.39545454545454,33.89591240359855,258.4769916857643,4.571525454545455,264.1634545454546,100.0,100.0,93.4|0.0|0.0|6.6|0.0|0.0
1240,1219.0,93.35,0.0,0.0,6.65,0.0,0.0,5.66763967219248,2500.0,10.5,34.20530303030303,13.28060606060606,1.960454545454545e-06,96.5969696969697,16.39545454545454,35.80259240800751,236.2206256058373,2.497987272727273,171.2416363636364,100.0,100.0,93.4|0.0|0.0|6.6|0.0|0.0
1241,1220.0,93.35,0.0,0.0,6.65,0.0,0.0,6.253821723442199,2900.0,10.5,34.20530303030303,13.28060606060606,1.960454545454545e-06,96.5969696969697,16.39545454545454,37.71593681000769,217.5815681772753,1.60734,122.1258181818182,100.0,100.0,93.4|0.0|0.0|6.6|0.0|0.0
1242,1221.0,93.35,0.0,0.0,6.65,0.0,0.0,6.769346030495157,3300.0,10.5,34.20530303030303,13.28060606060606,1.960454545454545e-06,96.5969696969697,16.39545454545454,35.82479645122868,232.0799161435746,1.196807272727273,80.31099999999999,100.0,100.0,93.4|0.0|0.0|6.6|0.0|0.0
1243,1222.0,80.0,20.0,0.0,0.0,0.0,0.0,4.259323167090469,1700.0,10.5,33.5,13.2,1.9e-06,97.0,17.0,30.33812904743426,308.9532078544262,5.616,426.3,100.0,100.0,80.0|20.0|0.0|0.0|0.0|0.0
1244,1223.0,80.0,20.0,0.0,0.0,0.0,0.0,5.004909648522032,2100.0,10.5,33.5,13.2,1.9e-06,97.0,17.0,35.98619433150601,246.7707052863969,3.6864,243.6,100.0,100.0,80.0|20.0|0.0|0.0|0.0|0.0
1245,1224.0,80.0,20.0,0.0,0.0,0.0,0.0,5.66763967219248,2500.0,10.5,33.5,13.2,1.9e-06,97.0,17.0,37.35227198789936,230.8306190830276,1.8432,146.3,100.0,100.0,80.0|20.0|0.0|0.0|0.0|0.0
1246,1225.0,80.0,20.0,0.0,0.0,0.0,0.0,6.253821723442199,2900.0,10.5,33.5,13.2,1.9e-06,97.0,17.0,38.51485072579364,215.127739900335,1.1808,94.5,100.0,100.0,80.0|20.0|0.0|0.0|0.0|0.0
1247,1226.0,80.0,20.0,0.0,0.0,0.0,0.0,6.769346030495157,3300.0,10.5,33.5,13.2,1.9e-06,97.0,17.0,37.03776798121149,228.5741935126682,0.9935999999999999,65.8,100.0,100.0,80.0|20.0|0.0|0.0|0.0|0.0
1248,1227.0,83.39833983398341,10.001000100010003,0.0,6.6006600660066015,0.0,0.0,4.259323167090469,1700.0,10.5,34.2,13.28,1.96e-06,96.6,16.4,30.43512791350186,306.9605373265368,5.651519999999999,410.352,99.99,100.00000000000001,83.4|10.0|0.0|6.6|0.0|0.0
1249,1228.0,83.39833983398341,10.001000100010003,0.0,6.6006600660066015,0.0,0.0,5.004909648522032,2100.0,10.5,34.2,13.28,1.96e-06,96.6,16.4,36.26746677409024,244.0693965560162,3.723599999999999,238.376,99.99,100.00000000000001,83.4|10.0|0.0|6.6|0.0|0.0
1250,1229.0,83.39833983398341,10.001000100010003,0.0,6.6006600660066015,0.0,0.0,5.66763967219248,2500.0,10.5,34.2,13.28,1.96e-06,96.6,16.4,37.58153427413106,229.591101153458,1.85832,145.416,99.99,100.00000000000001,83.4|10.0|0.0|6.6|0.0|0.0
1251,1230.0,83.39833983398341,10.001000100010003,0.0,6.6006600660066015,0.0,0.0,6.253821723442199,2900.0,10.5,34.2,13.28,1.96e-06,96.6,16.4,39.07479695074653,211.4307210504871,1.19016,91.63199999999999,99.99,100.00000000000001,83.4|10.0|0.0|6.6|0.0|0.0
1252,1231.0,83.39833983398341,10.001000100010003,0.0,6.6006600660066015,0.0,0.0,6.769346030495157,3300.0,10.5,34.2,13.28,1.96e-06,96.6,16.4,37.65998176659196,224.9272913819638,0.9883199999999999,65.07199999999999,99.99,100.00000000000001,83.4|10.0|0.0|6.6|0.0|0.0
1253,1232.0,85.0,5.0,0.0,10.0,0.0,0.0,4.259323167090469,1700.0,10.5,34.56060606060606,13.32121212121212,1.990909090909091e-06,96.39393939393939,16.09090909090909,30.48545424538133,307.1374250900267,5.701527272727272,402.7636363636364,100.0,100.0,85.0|5.0|0.0|10.0|0.0|0.0
1254,1233.0,85.0,5.0,0.0,10.0,0.0,0.0,5.004909648522032,2100.0,10.5,34.56060606060606,13.32121212121212,1.990909090909091e-06,96.39393939393939,16.09090909090909,36.36682753308177,246.9418853562345,3.787345454545454,234.3,100.0,100.0,85.0|5.0|0.0|10.0|0.0|0.0
1255,1234.0,85.0,5.0,0.0,10.0,0.0,0.0,5.66763967219248,2500.0,10.5,34.56060606060606,13.32121212121212,1.990909090909091e-06,96.39393939393939,16.09090909090909,37.59952737769635,227.1051136499113,1.907345454545454,142.6454545454545,100.0,100.0,85.0|5.0|0.0|10.0|0.0|0.0
1256,1235.0,85.0,5.0,0.0,10.0,0.0,0.0,6.253821723442199,2900.0,10.5,34.56060606060606,13.32121212121212,1.990909090909091e-06,96.39393939393939,16.09090909090909,38.78088686127086,210.5967552233464,1.216872727272727,93.59090909090908,100.0,100.0,85.0|5.0|0.0|10.0|0.0|0.0
1257,1236.0,85.0,5.0,0.0,10.0,0.0,0.0,6.769346030495157,3300.0,10.5,34.56060606060606,13.32121212121212,1.990909090909091e-06,96.39393939393939,16.09090909090909,37.66422605080859,224.9516716048776,0.9981090909090908,66.48181818181817,100.0,100.0,85.0|5.0|0.0|10.0|0.0|0.0
1258,1237.0,86.81,0.0,0.0,13.19,0.0,0.0,4.259323167090469,1700.0,10.5,34.89893939393939,13.35987878787879,2.019909090909091e-06,96.20060606060606,15.80090909090909,30.3410261799002,310.7516202218433,5.806394181818183,395.0463090909091,100.0,100.0,86.8|0.0|0.0|13.2|0.0|0.0
1259,1238.0,86.81,0.0,0.0,13.19,0.0,0.0,5.004909648522032,2100.0,10.5,34.89893939393939,13.35987878787879,2.019909090909091e-06,96.20060606060606,15.80090909090909,36.61052810439968,245.6868018478546,3.857488727272727,231.7521272727273,100.0,100.0,86.8|0.0|0.0|13.2|0.0|0.0
1260,1239.0,86.81,0.0,0.0,13.19,0.0,0.0,5.66763967219248,2500.0,10.5,34.89893939393939,13.35987878787879,2.019909090909091e-06,96.20060606060606,15.80090909090909,37.29112906704533,226.1912465484148,1.975786909090909,141.9403272727273,100.0,100.0,86.8|0.0|0.0|13.2|0.0|0.0
1261,1240.0,86.81,0.0,0.0,13.19,0.0,0.0,6.253821723442199,2900.0,10.5,34.89893939393939,13.35987878787879,2.019909090909091e-06,96.20060606060606,15.80090909090909,39.03378377182605,210.8152113896347,1.243267272727273,94.83623636363636,100.0,100.0,86.8|0.0|0.0|13.2|0.0|0.0
1262,1241.0,86.81,0.0,0.0,13.19,0.0,0.0,6.769346030495157,3300.0,10.5,34.89893939393939,13.35987878787879,2.019909090909091e-06,96.20060606060606,15.80090909090909,38.185044797459,222.2453962020806,1.014774909090909,68.45794545454545,100.0,100.0,86.8|0.0|0.0|13.2|0.0|0.0
1263,1242.0,70.0,30.0,0.0,0.0,0.0,0.0,4.259323167090469,1700.0,10.5,33.5,13.2,1.9e-06,97.0,17.0,31.76608921028538,325.8169172165496,4.5648,399.0,100.0,100.0,70.0|30.0|0.0|0.0|0.0|0.0
1264,1243.0,70.0,30.0,0.0,0.0,0.0,0.0,5.004909648522032,2100.0,10.5,33.5,13.2,1.9e-06,97.0,17.0,37.2578595261824,263.7110445512421,3.0312,210.7,100.0,100.0,70.0|30.0|0.0|0.0|0.0|0.0
1265,1244.0,70.0,30.0,0.0,0.0,0.0,0.0,5.66763967219248,2500.0,10.5,33.5,13.2,1.9e-06,97.0,17.0,38.65307421465494,242.5476866923813,1.3968,119.7,100.0,100.0,70.0|30.0|0.0|0.0|0.0|0.0
1266,1245.0,70.0,30.0,0.0,0.0,0.0,0.0,6.253821723442199,2900.0,10.5,33.5,13.2,1.9e-06,97.0,17.0,41.02461980723206,225.4533378074575,1.0872,76.3,100.0,100.0,70.0|30.0|0.0|0.0|0.0|0.0
1267,1246.0,70.0,30.0,0.0,0.0,0.0,0.0,6.769346030495157,3300.0,10.5,33.5,13.2,1.9e-06,97.0,17.0,39.64306165349961,239.1652616496988,0.8351999999999999,49.0,100.0,100.0,70.0|30.0|0.0|0.0|0.0|0.0
1268,1247.0,75.0,15.0,0.0,10.0,0.0,0.0,4.259323167090469,1700.0,10.5,34.56060606060606,13.32121212121212,1.990909090909091e-06,96.39393939393939,16.09090909090909,32.00233957529016,321.5935366706149,4.566690909090909,373.7181818181818,100.0,100.0,75.0|15.0|0.0|10.0|0.0|0.0
1269,1248.0,75.0,15.0,0.0,10.0,0.0,0.0,5.004909648522032,2100.0,10.5,34.56060606060606,13.32121212121212,1.990909090909091e-06,96.39393939393939,16.09090909090909,38.01616264656277,259.2911197215187,3.049018181818182,199.4454545454545,100.0,100.0,75.0|15.0|0.0|10.0|0.0|0.0
1270,1249.0,75.0,15.0,0.0,10.0,0.0,0.0,5.66763967219248,2500.0,10.5,34.56060606060606,13.32121212121212,1.990909090909091e-06,96.39393939393939,16.09090909090909,39.21050667855778,236.4546239771964,1.469818181818182,114.8909090909091,100.0,100.0,75.0|15.0|0.0|10.0|0.0|0.0
1271,1250.0,75.0,15.0,0.0,10.0,0.0,0.0,6.253821723442199,2900.0,10.5,34.56060606060606,13.32121212121212,1.990909090909091e-06,96.39393939393939,16.09090909090909,41.47832138929313,220.4560502055699,1.0528,73.58181818181818,100.0,100.0,75.0|15.0|0.0|10.0|0.0|0.0
1272,1251.0,75.0,15.0,0.0,10.0,0.0,0.0,6.769346030495157,3300.0,10.5,34.56060606060606,13.32121212121212,1.990909090909091e-06,96.39393939393939,16.09090909090909,40.61407955011386,233.1814232837177,0.8203636363636363,47.76363636363636,100.0,100.0,75.0|15.0|0.0|10.0|0.0|0.0
1273,1252.0,77.7,7.5,0.0,14.8,0.0,0.0,4.259323167090469,1700.0,10.5,35.06969696969697,13.37939393939394,2.034545454545455e-06,96.10303030303031,15.65454545454545,32.42731739890481,320.3350968183106,4.623301818181819,359.1781818181818,100.0,100.0,77.7|7.5|0.0|14.8|0.0|0.0
1274,1253.0,77.7,7.5,0.0,14.8,0.0,0.0,5.004909648522032,2100.0,10.5,35.06969696969697,13.37939393939394,2.034545454545455e-06,96.10303030303031,15.65454545454545,37.80590658702744,257.7931520294263,3.137716363636364,194.4516363636363,100.0,100.0,77.7|7.5|0.0|14.8|0.0|0.0
1275,1254.0,77.7,7.5,0.0,14.8,0.0,0.0,5.66763967219248,2500.0,10.5,35.06969696969697,13.37939393939394,2.034545454545455e-06,96.10303030303031,15.65454545454545,38.97678730685644,236.4223581797614,1.492247272727273,117.0425454545454,100.0,100.0,77.7|7.5|0.0|14.8|0.0|0.0
1276,1255.0,77.7,7.5,0.0,14.8,0.0,0.0,6.253821723442199,2900.0,10.5,35.06969696969697,13.37939393939394,2.034545454545455e-06,96.10303030303031,15.65454545454545,41.30242920102671,217.3868334417371,1.059229090909091,75.55127272727272,100.0,100.0,77.7|7.5|0.0|14.8|0.0|0.0
1277,1256.0,77.7,7.5,0.0,14.8,0.0,0.0,6.769346030495157,3300.0,10.5,35.06969696969697,13.37939393939394,2.034545454545455e-06,96.10303030303031,15.65454545454545,40.56565239406112,231.6884781700844,0.839389090909091,50.78036363636363,100.0,100.0,77.7|7.5|0.0|14.8|0.0|0.0
1278,1257.0,80.0,0.0,0.0,20.0,0.0,0.0,4.259323167090469,1700.0,10.5,35.62121212121212,13.44242424242424,2.081818181818182e-06,95.78787878787878,15.18181818181818,32.17432094670989,315.0963212386254,4.595636363636363,351.5909090909091,100.0,100.0,80.0|0.0|0.0|20.0|0.0|0.0
1279,1258.0,80.0,0.0,0.0,20.0,0.0,0.0,5.004909648522032,2100.0,10.5,35.62121212121212,13.44242424242424,2.081818181818182e-06,95.78787878787878,15.18181818181818,38.12180363564102,255.338304392869,3.145745454545454,190.2727272727273,100.0,100.0,80.0|0.0|0.0|20.0|0.0|0.0
1280,1259.0,80.0,0.0,0.0,20.0,0.0,0.0,5.66763967219248,2500.0,10.5,35.62121212121212,13.44242424242424,2.081818181818182e-06,95.78787878787878,15.18181818181818,38.96720128943214,233.1840939138828,1.4952,115.8181818181818,100.0,100.0,80.0|0.0|0.0|20.0|0.0|0.0
1281,1260.0,80.0,0.0,0.0,20.0,0.0,0.0,6.253821723442199,2900.0,10.5,35.62121212121212,13.44242424242424,2.081818181818182e-06,95.78787878787878,15.18181818181818,41.27984685496271,214.3754164966695,1.042109090909091,74.45454545454544,100.0,100.0,80.0|0.0|0.0|20.0|0.0|0.0
1282,1261.0,80.0,0.0,0.0,20.0,0.0,0.0,6.769346030495157,3300.0,10.5,35.62121212121212,13.44242424242424,2.081818181818182e-06,95.78787878787878,15.18181818181818,40.29086196111239,228.8857528488854,0.8349818181818182,49.63636363636363,100.0,100.0,80.0|0.0|0.0|20.0|0.0|0.0
1283,1262.0,60.0,40.0,0.0,0.0,0.0,0.0,4.259323167090469,1700.0,10.5,33.5,13.2,1.9e-06,97.0,17.0,29.89865957143725,350.4305002545547,3.6936,354.2,100.0,100.0,60.0|40.0|0.0|0.0|0.0|0.0
1284,1263.0,60.0,40.0,0.0,0.0,0.0,0.0,5.004909648522032,2100.0,10.5,33.5,13.2,1.9e-06,97.0,17.0,36.07355423900215,277.3813897181545,2.3328,184.8,100.0,100.0,60.0|40.0|0.0|0.0|0.0|0.0
1285,1264.0,60.0,40.0,0.0,0.0,0.0,0.0,5.66763967219248,2500.0,10.5,33.5,13.2,1.9e-06,97.0,17.0,36.92347790430708,268.2147612429397,1.2312,95.19999999999999,100.0,100.0,60.0|40.0|0.0|0.0|0.0|0.0
1286,1265.0,60.0,40.0,0.0,0.0,0.0,0.0,6.253821723442199,2900.0,10.5,33.5,13.2,1.9e-06,97.0,17.0,38.02190907055359,258.0560192372959,0.8855999999999999,54.59999999999999,100.0,100.0,60.0|40.0|0.0|0.0|0.0|0.0
1287,1266.0,60.0,40.0,0.0,0.0,0.0,0.0,6.769346030495157,3300.0,10.5,33.5,13.2,1.9e-06,97.0,17.0,37.31275539490799,263.5841940525917,0.7416,36.4,100.0,100.0,60.0|40.0|0.0|0.0|0.0|0.0
1288,1267.0,67.0,20.0,0.0,13.0,0.0,0.0,4.259323167090469,1700.0,10.5,34.87878787878788,13.35757575757576,2.018181818181818e-06,96.21212121212122,15.81818181818182,29.71604145860447,343.7489226825832,3.525090909090909,326.4981818181818,100.0,100.0,67.0|20.0|0.0|13.0|0.0|0.0
1289,1268.0,67.0,20.0,0.0,13.0,0.0,0.0,5.004909648522032,2100.0,10.5,34.87878787878788,13.35757575757576,2.018181818181818e-06,96.21212121212122,15.81818181818182,36.82521580551384,270.0938598990891,2.381454545454545,172.3709090909091,100.0,100.0,67.0|20.0|0.0|13.0|0.0|0.0
1290,1269.0,67.0,20.0,0.0,13.0,0.0,0.0,5.66763967219248,2500.0,10.5,34.87878787878788,13.35757575757576,2.018181818181818e-06,96.21212121212122,15.81818181818182,37.69775052508344,260.1517677055055,1.170545454545455,91.2181818181818,100.0,100.0,67.0|20.0|0.0|13.0|0.0|0.0
1291,1270.0,67.0,20.0,0.0,13.0,0.0,0.0,6.253821723442199,2900.0,10.5,34.87878787878788,13.35757575757576,2.018181818181818e-06,96.21212121212122,15.81818181818182,39.33308696858818,249.9053772843565,0.8409090909090909,55.9890909090909,100.0,100.0,67.0|20.0|0.0|13.0|0.0|0.0
1292,1271.0,67.0,20.0,0.0,13.0,0.0,0.0,6.769346030495157,3300.0,10.5,34.87878787878788,13.35757575757576,2.018181818181818e-06,96.21212121212122,15.81818181818182,38.17997678621519,257.7045664444619,0.7130909090909091,35.22909090909091,100.0,100.0,67.0|20.0|0.0|13.0|0.0|0.0
1293,1272.0,70.0,10.0,0.0,20.0,0.0,0.0,4.259323167090469,1700.0,10.5,35.62121212121212,13.44242424242424,2.081818181818182e-06,95.78787878787878,15.18181818181818,30.84054321129888,339.3597342470936,3.547054545454545,310.8181818181818,100.0,100.0,70.0|10.0|0.0|20.0|0.0|0.0
1294,1273.0,70.0,10.0,0.0,20.0,0.0,0.0,5.004909648522032,2100.0,10.5,35.62121212121212,13.44242424242424,2.081818181818182e-06,95.78787878787878,15.18181818181818,37.38267090740743,267.2685387825035,2.4208,166.0454545454545,100.0,100.0,70.0|10.0|0.0|20.0|0.0|0.0
1295,1274.0,70.0,10.0,0.0,20.0,0.0,0.0,5.66763967219248,2500.0,10.5,35.62121212121212,13.44242424242424,2.081818181818182e-06,95.78787878787878,15.18181818181818,38.45216209440996,258.0354015171376,1.158618181818182,89.22727272727272,100.0,100.0,70.0|10.0|0.0|20.0|0.0|0.0
1296,1275.0,70.0,10.0,0.0,20.0,0.0,0.0,6.253821723442199,2900.0,10.5,35.62121212121212,13.44242424242424,2.081818181818182e-06,95.78787878787878,15.18181818181818,39.67861960624565,247.4770354903289,0.8285090909090909,56.72727272727272,100.0,100.0,70.0|10.0|0.0|20.0|0.0|0.0
1297,1276.0,70.0,10.0,0.0,20.0,0.0,0.0,6.769346030495157,3300.0,10.5,35.62121212121212,13.44242424242424,2.081818181818182e-06,95.78787878787878,15.18181818181818,38.55711566811037,253.8319022782426,0.6990545454545455,34.86363636363636,100.0,100.0,70.0|10.0|0.0|20.0|0.0|0.0
1298,1277.0,73.7,0.0,0.0,26.3,0.0,0.0,4.259323167090469,1700.0,10.5,36.28939393939394,13.51878787878788,2.139090909090909e-06,95.4060606060606,14.60909090909091,30.98113455142897,339.1697243860784,3.540141818181818,297.1952727272727,100.0,100.0,73.7|0.0|0.0|26.3|0.0|0.0
1299,1278.0,73.7,0.0,0.0,26.3,0.0,0.0,5.004909648522032,2100.0,10.5,36.28939393939394,13.51878787878788,2.139090909090909e-06,95.4060606060606,14.60909090909091,37.55018815372328,262.9781019741704,2.416287272727273,160.2850909090909,100.0,100.0,73.7|0.0|0.0|26.3|0.0|0.0
1300,1279.0,73.7,0.0,0.0,26.3,0.0,0.0,5.66763967219248,2500.0,10.5,36.28939393939394,13.51878787878788,2.139090909090909e-06,95.4060606060606,14.60909090909091,38.54917251279066,252.9174439895063,1.148829090909091,88.49072727272726,100.0,100.0,73.7|0.0|0.0|26.3|0.0|0.0
1301,1280.0,73.7,0.0,0.0,26.3,0.0,0.0,6.253821723442199,2900.0,10.5,36.28939393939394,13.51878787878788,2.139090909090909e-06,95.4060606060606,14.60909090909091,39.62691512137607,242.9498225334118,0.8179163636363637,56.2110909090909,100.0,100.0,73.7|0.0|0.0|26.3|0.0|0.0
1302,1281.0,73.7,0.0,0.0,26.3,0.0,0.0,6.769346030495157,3300.0,10.5,36.28939393939394,13.51878787878788,2.139090909090909e-06,95.4060606060606,14.60909090909091,39.07772450743627,249.0875470199849,0.6992872727272728,34.50581818181818,100.0,100.0,73.7|0.0|0.0|26.3|0.0|0.0
1303,1282.0,50.0,50.0,0.0,0.0,0.0,0.0,4.259323167090469,1700.0,10.5,33.5,13.2,1.9e-06,97.0,17.0,27.86843699823674,397.7348146243552,3.0456,322.7,100.0,100.0,50.0|50.0|0.0|0.0|0.0|0.0
1304,1283.0,50.0,50.0,0.0,0.0,0.0,0.0,5.004909648522032,2100.0,10.5,33.5,13.2,1.9e-06,97.0,17.0,33.13648656121169,325.3207858909751,1.692,143.5,100.0,100.0,50.0|50.0|0.0|0.0|0.0|0.0
1305,1284.0,50.0,50.0,0.0,0.0,0.0,0.0,5.66763967219248,2500.0,10.5,33.5,13.2,1.9e-06,97.0,17.0,34.80790627434622,302.3301085608772,1.0152,80.5,100.0,100.0,50.0|50.0|0.0|0.0|0.0|0.0
1306,1285.0,50.0,50.0,0.0,0.0,0.0,0.0,6.253821723442199,2900.0,10.5,33.5,13.2,1.9e-06,97.0,17.0,37.11025856684299,278.6536827571792,0.7776000000000001,37.8,100.0,100.0,50.0|50.0|0.0|0.0|0.0|0.0
1307,1286.0,50.0,50.0,0.0,0.0,0.0,0.0,6.769346030495157,3300.0,10.5,33.5,13.2,1.9e-06,97.0,17.0,36.13033139429107,292.1952168858638,0.3888,26.6,100.0,100.0,50.0|50.0|0.0|0.0|0.0|0.0
1308,1287.0,58.5,25.0,0.0,16.5,0.0,0.0,4.259323167090469,1700.0,10.5,35.25,13.4,2.05e-06,96.0,15.5,29.48989562057917,383.8668264625494,2.9568,287.31,100.0,100.0,58.5|25.0|0.0|16.5|0.0|0.0
1309,1288.0,58.5,25.0,0.0,16.5,0.0,0.0,5.004909648522032,2100.0,10.5,35.25,13.4,2.05e-06,96.0,15.5,34.34517582869855,310.7626528282282,1.617,129.32,100.0,100.0,58.5|25.0|0.0|16.5|0.0|0.0
1310,1289.0,58.5,25.0,0.0,16.5,0.0,0.0,5.66763967219248,2500.0,10.5,35.25,13.4,2.05e-06,96.0,15.5,36.39768511538362,291.2811030016887,1.0164,75.64,100.0,100.0,58.5|25.0|0.0|16.5|0.0|0.0
1311,1290.0,58.5,25.0,0.0,16.5,0.0,0.0,6.253821723442199,2900.0,10.5,35.25,13.4,2.05e-06,96.0,15.5,38.89926710415699,268.0679238946714,0.7589999999999999,37.21,100.0,100.0,58.5|25.0|0.0|16.5|0.0|0.0
1312,1291.0,58.5,25.0,0.0,16.5,0.0,0.0,6.769346030495157,3300.0,10.5,35.25,13.4,2.05e-06,96.0,15.5,37.46224957190843,277.7885854473141,0.4883999999999999,25.62,100.0,100.0,58.5|25.0|0.0|16.5|0.0|0.0
1318,1297.0,67.0,0.0,0.0,33.0,0.0,0.0,4.259323167090469,1700.0,10.5,37.0,13.6,2.2e-06,95.0,14.0,30.83411939091147,377.950044421958,2.988,252.72,100.0,100.0,67.0|0.0|0.0|33.0|0.0|0.0
1319,1298.0,67.0,0.0,0.0,33.0,0.0,0.0,5.004909648522032,2100.0,10.5,37.0,13.6,2.2e-06,95.0,14.0,35.63891082909428,301.535811989181,1.722,120.12,100.0,100.0,67.0|0.0|0.0|33.0|0.0|0.0
1320,1299.0,67.0,0.0,0.0,33.0,0.0,0.0,5.66763967219248,2500.0,10.5,37.0,13.6,2.2e-06,95.0,14.0,37.68623173258095,281.7519056873211,0.9839999999999999,69.68,100.0,100.0,67.0|0.0|0.0|33.0|0.0|0.0
1321,1300.0,67.0,0.0,0.0,33.0,0.0,0.0,6.253821723442199,2900.0,10.5,37.0,13.6,2.2e-06,95.0,14.0,39.64928176693509,259.3025105152083,0.72,39.0,100.0,100.0,67.0|0.0|0.0|33.0|0.0|0.0
1322,1301.0,67.0,0.0,0.0,33.0,0.0,0.0,6.769346030495157,3300.0,10.5,37.0,13.6,2.2e-06,95.0,14.0,38.22034897147934,272.0220537796528,0.546,24.96,100.0,100.0,67.0|0.0|0.0|33.0|0.0|0.0
1323,1302.0,90.0,10.0,0.0,0.0,0.0,0.0,4.259323167090469,1700.0,10.5,38.5,12.4,2.3e-06,93.0,1.2,30.47059499104155,311.1131128916305,5.785,384.0,100.0,100.0,90.0|10.0|0.0|0.0|0.0|0.0
1324,1303.0,90.0,10.0,0.0,0.0,0.0,0.0,5.004909648522032,2100.0,10.5,38.5,12.4,2.3e-06,93.0,1.2,35.54165487946841,251.854995269236,3.965,225.0,100.0,100.0,90.0|10.0|0.0|0.0|0.0|0.0
1325,1304.0,90.0,10.0,0.0,0.0,0.0,0.0,5.66763967219248,2500.0,10.5,38.5,12.4,2.3e-06,93.0,1.2,38.17784662182513,230.167759017123,2.067,140.4,100.0,100.0,90.0|10.0|0.0|0.0|0.0|0.0
1326,1305.0,90.0,10.0,0.0,0.0,0.0,0.0,6.253821723442199,2900.0,10.5,38.5,12.4,2.3e-06,93.0,1.2,39.12201247133841,211.7688778904448,1.261,95.39999999999999,100.0,100.0,90.0|10.0|0.0|0.0|0.0|0.0
1327,1306.0,90.0,10.0,0.0,0.0,0.0,0.0,6.769346030495157,3300.0,10.5,38.5,12.4,2.3e-06,93.0,1.2,37.86563497435539,227.3260946418258,1.014,60.59999999999999,100.0,100.0,90.0|10.0|0.0|0.0|0.0|0.0
1328,1307.0,91.65,5.0,0.0,0.0,0.0,3.35,4.259323167090469,1700.0,10.5,38.80454545454545,12.33909090909091,2.340606060606061e-06,93.60909090909091,1.301515151515152,30.60199279978798,308.0794155641909,5.801822727272728,375.6436363636363,100.0,100.0,91.6|5.0|0.0|0.0|0.0|3.4
1329,1308.0,91.65,5.0,0.0,0.0,0.0,3.35,5.004909648522032,2100.0,10.5,38.80454545454545,12.33909090909091,2.340606060606061e-06,93.60909090909091,1.301515151515152,35.61439635515337,248.9303693070297,4.024459090909091,221.4442424242424,100.0,100.0,91.6|5.0|0.0|0.0|0.0|3.4
1330,1309.0,91.65,5.0,0.0,0.0,0.0,3.35,5.66763967219248,2500.0,10.5,38.80454545454545,12.33909090909091,2.340606060606061e-06,93.60909090909091,1.301515151515152,37.73874761041547,227.0284058539929,2.063011363636364,142.6054545454545,100.0,100.0,91.6|5.0|0.0|0.0|0.0|3.4
1331,1310.0,91.65,5.0,0.0,0.0,0.0,3.35,6.253821723442199,2900.0,10.5,38.80454545454545,12.33909090909091,2.340606060606061e-06,93.60909090909091,1.301515151515152,39.79949978569017,210.6157840039784,1.358413636363636,96.80939393939394,100.0,100.0,91.6|5.0|0.0|0.0|0.0|3.4
1332,1311.0,91.65,5.0,0.0,0.0,0.0,3.35,6.769346030495157,3300.0,10.5,38.80454545454545,12.33909090909091,2.340606060606061e-06,93.60909090909091,1.301515151515152,37.51083861919117,224.5851752960626,1.021984090909091,63.1869696969697,100.0,100.0,91.6|5.0|0.0|0.0|0.0|3.4
1333,1312.0,92.5,2.5,0.0,0.0,0.0,5.0,4.259323167090469,1700.0,10.5,38.95454545454545,12.30909090909091,2.360606060606061e-06,93.9090909090909,1.351515151515152,30.74491572579356,308.0288331428544,5.777181818181819,373.1515151515151,100.0,100.0,92.5|2.5|0.0|0.0|0.0|5.0
1334,1313.0,92.5,2.5,0.0,0.0,0.0,5.0,5.004909648522032,2100.0,10.5,38.95454545454545,12.30909090909091,2.360606060606061e-06,93.9090909090909,1.351515151515152,35.72879757675662,248.406970855206,4.064727272727273,224.4606060606061,100.0,100.0,92.5|2.5|0.0|0.0|0.0|5.0
1335,1314.0,92.5,2.5,0.0,0.0,0.0,5.0,5.66763967219248,2500.0,10.5,38.95454545454545,12.30909090909091,2.360606060606061e-06,93.9090909090909,1.351515151515152,37.87026786149509,227.5956559057074,2.176636363636364,142.9939393939394,100.0,100.0,92.5|2.5|0.0|0.0|0.0|5.0
1336,1315.0,92.5,2.5,0.0,0.0,0.0,5.0,6.253821723442199,2900.0,10.5,38.95454545454545,12.30909090909091,2.360606060606061e-06,93.9090909090909,1.351515151515152,39.35196382262929,208.0247906062918,1.411363636363636,99.6969696969697,100.0,100.0,92.5|2.5|0.0|0.0|0.0|5.0
1337,1316.0,92.5,2.5,0.0,0.0,0.0,5.0,6.769346030495157,3300.0,10.5,38.95454545454545,12.30909090909091,2.360606060606061e-06,93.9090909090909,1.351515151515152,38.09632448052752,223.9472217593934,1.047545454545455,64.94545454545455,100.0,100.0,92.5|2.5|0.0|0.0|0.0|5.0
1338,1317.0,93.35,0.0,0.0,0.0,0.0,6.65,4.259323167090469,1700.0,10.5,39.10454545454545,12.27909090909091,2.380606060606061e-06,94.2090909090909,1.401515151515151,30.48287843710268,307.858606588902,5.794874999999999,368.840303030303,100.0,100.0,93.4|0.0|0.0|0.0|0.0|6.6
1339,1318.0,93.35,0.0,0.0,0.0,0.0,6.65,5.004909648522032,2100.0,10.5,39.10454545454545,12.27909090909091,2.380606060606061e-06,94.2090909090909,1.401515151515151,35.88783001384088,248.4496636851774,4.071906818181819,222.7593939393939,100.0,100.0,93.4|0.0|0.0|0.0|0.0|6.6
1340,1319.0,93.35,0.0,0.0,0.0,0.0,6.65,5.66763967219248,2500.0,10.5,39.10454545454545,12.27909090909091,2.380606060606061e-06,94.2090909090909,1.401515151515151,37.77315090682328,228.4410836872449,2.224984090909091,144.4018181818182,100.0,100.0,93.4|0.0|0.0|0.0|0.0|6.6
1341,1320.0,93.35,0.0,0.0,0.0,0.0,6.65,6.253821723442199,2900.0,10.5,39.10454545454545,12.27909090909091,2.380606060606061e-06,94.2090909090909,1.401515151515151,39.47158977136903,207.4939536358521,1.431675,102.9842424242424,100.0,100.0,93.4|0.0|0.0|0.0|0.0|6.6
1342,1321.0,93.35,0.0,0.0,0.0,0.0,6.65,6.769346030495157,3300.0,10.5,39.10454545454545,12.27909090909091,2.380606060606061e-06,94.2090909090909,1.401515151515151,37.7753764950081,220.8965232283032,1.066009090909091,67.72333333333333,100.0,100.0,93.4|0.0|0.0|0.0|0.0|6.6
1343,1322.0,80.0,20.0,0.0,0.0,0.0,0.0,4.259323167090469,1700.0,10.5,38.5,12.4,2.3e-06,93.0,1.2,31.94818074991256,301.9846980565985,5.07,365.4,100.0,100.0,80.0|20.0|0.0|0.0|0.0|0.0
1344,1323.0,80.0,20.0,0.0,0.0,0.0,0.0,5.004909648522032,2100.0,10.5,38.5,12.4,2.3e-06,93.0,1.2,37.68804204921348,240.6333509794342,3.328,208.8,100.0,100.0,80.0|20.0|0.0|0.0|0.0|0.0
1345,1324.0,80.0,20.0,0.0,0.0,0.0,0.0,5.66763967219248,2500.0,10.5,38.5,12.4,2.3e-06,93.0,1.2,39.24458838117141,222.8493095980284,1.664,125.4,100.0,100.0,80.0|20.0|0.0|0.0|0.0|0.0
1346,1325.0,80.0,20.0,0.0,0.0,0.0,0.0,6.253821723442199,2900.0,10.5,38.5,12.4,2.3e-06,93.0,1.2,40.30129965199103,208.3177415609749,1.066,81.0,100.0,100.0,80.0|20.0|0.0|0.0|0.0|0.0
1347,1326.0,80.0,20.0,0.0,0.0,0.0,0.0,6.769346030495157,3300.0,10.5,38.5,12.4,2.3e-06,93.0,1.2,39.05962979634477,220.6492692739571,0.8969999999999999,56.4,100.0,100.0,80.0|20.0|0.0|0.0|0.0|0.0
1348,1327.0,83.39833983398341,10.001000100010003,0.0,0.0,0.0,6.6006600660066015,4.259323167090469,1700.0,10.5,39.1,12.28,2.38e-06,94.2,1.4,32.1551041602107,296.8645919874306,5.0344,346.08,99.99,100.00000000000001,83.4|10.0|0.0|0.0|0.0|6.6
1349,1328.0,83.39833983398341,10.001000100010003,0.0,0.0,0.0,6.6006600660066015,5.004909648522032,2100.0,10.5,39.1,12.28,2.38e-06,94.2,1.4,38.15138429112231,236.3085948102238,3.317,201.04,99.99,100.00000000000001,83.4|10.0|0.0|0.0|0.0|6.6
1350,1329.0,83.39833983398341,10.001000100010003,0.0,0.0,0.0,6.6006600660066015,5.66763967219248,2500.0,10.5,39.1,12.28,2.38e-06,94.2,1.4,39.30662713535347,218.1574120264816,1.6554,122.64,99.99,100.00000000000001,83.4|10.0|0.0|0.0|0.0|6.6
1351,1330.0,83.39833983398341,10.001000100010003,0.0,0.0,0.0,6.6006600660066015,6.253821723442199,2900.0,10.5,39.1,12.28,2.38e-06,94.2,1.4,40.71816426719005,203.7600945583272,1.0602,77.27999999999999,99.99,100.00000000000001,83.4|10.0|0.0|0.0|0.0|6.6
1352,1331.0,83.39833983398341,10.001000100010003,0.0,0.0,0.0,6.6006600660066015,6.769346030495157,3300.0,10.5,39.1,12.28,2.38e-06,94.2,1.4,39.23780568288386,214.548381223587,0.8804,54.88,99.99,100.00000000000001,83.4|10.0|0.0|0.0|0.0|6.6
1353,1332.0,85.0,5.0,0.0,0.0,0.0,10.0,4.259323167090469,1700.0,10.5,39.40909090909091,12.21818181818182,2.421212121212121e-06,94.81818181818181,1.503030303030303,32.15292891135659,298.3628176071994,5.041909090909091,336.5818181818181,100.0,100.0,85.0|5.0|0.0|0.0|0.0|10.0
1354,1333.0,85.0,5.0,0.0,0.0,0.0,10.0,5.004909648522032,2100.0,10.5,39.40909090909091,12.21818181818182,2.421212121212121e-06,94.81818181818181,1.503030303030303,38.0506585348421,236.2214492750169,3.349181818181818,195.8,100.0,100.0,85.0|5.0|0.0|0.0|0.0|10.0
1355,1334.0,85.0,5.0,0.0,0.0,0.0,10.0,5.66763967219248,2500.0,10.5,39.40909090909091,12.21818181818182,2.421212121212121e-06,94.81818181818181,1.503030303030303,39.72578052024031,217.3913209532795,1.686681818181818,119.2060606060606,100.0,100.0,85.0|5.0|0.0|0.0|0.0|10.0
1356,1335.0,85.0,5.0,0.0,0.0,0.0,10.0,6.253821723442199,2900.0,10.5,39.40909090909091,12.21818181818182,2.421212121212121e-06,94.81818181818181,1.503030303030303,40.82645089774122,201.6683708914752,1.076090909090909,78.2121212121212,100.0,100.0,85.0|5.0|0.0|0.0|0.0|10.0
1357,1336.0,85.0,5.0,0.0,0.0,0.0,10.0,6.769346030495157,3300.0,10.5,39.40909090909091,12.21818181818182,2.421212121212121e-06,94.81818181818181,1.503030303030303,39.61665185918839,212.3897576196391,0.8826363636363637,55.55757575757575,100.0,100.0,85.0|5.0|0.0|0.0|0.0|10.0
1358,1337.0,86.81,0.0,0.0,0.0,0.0,13.19,4.259323167090469,1700.0,10.5,39.69909090909091,12.16018181818182,2.459878787878788e-06,95.39818181818181,1.59969696969697,32.26337498066469,297.2446645445489,5.097992727272728,327.1181212121212,100.0,100.0,86.8|0.0|0.0|0.0|0.0|13.2
1359,1338.0,86.81,0.0,0.0,0.0,0.0,13.19,5.004909648522032,2100.0,10.5,39.69909090909091,12.16018181818182,2.459878787878788e-06,95.39818181818181,1.59969696969697,38.78783880973857,233.5544444346722,3.386860909090909,191.9023636363636,100.0,100.0,86.8|0.0|0.0|0.0|0.0|13.2
1360,1339.0,86.81,0.0,0.0,0.0,0.0,13.19,5.66763967219248,2500.0,10.5,39.69909090909091,12.16018181818182,2.459878787878788e-06,95.39818181818181,1.59969696969697,39.62535197760224,216.4473025197814,1.734733636363636,117.533696969697,100.0,100.0,86.8|0.0|0.0|0.0|0.0|13.2
1361,1340.0,86.81,0.0,0.0,0.0,0.0,13.19,6.253821723442199,2900.0,10.5,39.69909090909091,12.16018181818182,2.459878787878788e-06,95.39818181818181,1.59969696969697,41.10607051818789,200.0819378413631,1.091584090909091,78.52915151515151,100.0,100.0,86.8|0.0|0.0|0.0|0.0|13.2
1362,1341.0,86.81,0.0,0.0,0.0,0.0,13.19,6.769346030495157,3300.0,10.5,39.69909090909091,12.16018181818182,2.459878787878788e-06,95.39818181818181,1.59969696969697,40.3890026072349,211.4013339775954,0.8909686363636363,56.68660606060605,100.0,100.0,86.8|0.0|0.0|0.0|0.0|13.2
1363,1342.0,70.0,30.0,0.0,0.0,0.0,0.0,4.259323167090469,1700.0,10.5,38.5,12.4,2.3e-06,93.0,1.2,33.37946138917255,319.6952756653667,4.121,342.0,100.0,100.0,70.0|30.0|0.0|0.0|0.0|0.0
1364,1343.0,70.0,30.0,0.0,0.0,0.0,0.0,5.004909648522032,2100.0,10.5,38.5,12.4,2.3e-06,93.0,1.2,38.72923097190597,257.5031887042528,2.7365,180.6,100.0,100.0,70.0|30.0|0.0|0.0|0.0|0.0
1365,1344.0,70.0,30.0,0.0,0.0,0.0,0.0,5.66763967219248,2500.0,10.5,38.5,12.4,2.3e-06,93.0,1.2,40.16741378797341,236.907172005594,1.261,102.6,100.0,100.0,70.0|30.0|0.0|0.0|0.0|0.0
1366,1345.0,70.0,30.0,0.0,0.0,0.0,0.0,6.253821723442199,2900.0,10.5,38.5,12.4,2.3e-06,93.0,1.2,42.74809977836002,216.8819096451435,0.9815,65.39999999999999,100.0,100.0,70.0|30.0|0.0|0.0|0.0|0.0
1367,1346.0,70.0,30.0,0.0,0.0,0.0,0.0,6.769346030495157,3300.0,10.5,38.5,12.4,2.3e-06,93.0,1.2,41.86046071455249,233.3826638116049,0.754,42.0,100.0,100.0,70.0|30.0|0.0|0.0|0.0|0.0
1368,1347.0,75.0,15.0,0.0,0.0,0.0,10.0,4.259323167090469,1700.0,10.5,39.40909090909091,12.21818181818182,2.421212121212121e-06,94.81818181818181,1.503030303030303,34.39656440830464,310.1443746655335,4.038363636363637,312.3090909090909,100.0,100.0,75.0|15.0|0.0|0.0|0.0|10.0
1369,1348.0,75.0,15.0,0.0,0.0,0.0,10.0,5.004909648522032,2100.0,10.5,39.40909090909091,12.21818181818182,2.421212121212121e-06,94.81818181818181,1.503030303030303,39.68896377322788,247.6904149898852,2.696272727272727,166.6727272727273,100.0,100.0,75.0|15.0|0.0|0.0|0.0|10.0
1370,1349.0,75.0,15.0,0.0,0.0,0.0,10.0,5.66763967219248,2500.0,10.5,39.40909090909091,12.21818181818182,2.421212121212121e-06,94.81818181818181,1.503030303030303,41.50991267106391,227.7813895789598,1.299772727272727,96.0121212121212,100.0,100.0,75.0|15.0|0.0|0.0|0.0|10.0
1371,1350.0,75.0,15.0,0.0,0.0,0.0,10.0,6.253821723442199,2900.0,10.5,39.40909090909091,12.21818181818182,2.421212121212121e-06,94.81818181818181,1.503030303030303,43.4384879064181,207.90279908707,0.9310000000000002,61.49090909090908,100.0,100.0,75.0|15.0|0.0|0.0|0.0|10.0
1372,1351.0,75.0,15.0,0.0,0.0,0.0,10.0,6.769346030495157,3300.0,10.5,39.40909090909091,12.21818181818182,2.421212121212121e-06,94.81818181818181,1.503030303030303,42.31698503101963,225.1367486101634,0.7254545454545455,39.91515151515151,100.0,100.0,75.0|15.0|0.0|0.0|0.0|10.0
